Frame,Distance,Connection,Connection_theta,Deposit,Deposit_theta
1,0,0,,0,
2,0,0,,0,
3,0,0,,0,
4,0,0,,0,
5,0,0,,0,
6,0,0,,0,
7,0,0,,0,
8,0,0,,0,
9,0,0,,0,
10,0,0,,0,
11,0,0,,0,
12,0,0,,0,
13,0,0,,0,
14,0,0,,0,
15,0,0,,0,
16,0,0,,0,
17,0,0,,0,
18,0,0,,0,
19,0,0,,0,
20,0,0,,0,
21,0,0,,0,
22,0,0,,0,
23,0,0,,0,
24,0,0,,0,
25,0,0,,0,
26,0,0,,0,
27,0,0,,0,
28,0,0,,0,
29,0,0,,0,
30,0,0,,0,
31,0,0,,0,
32,0,0,,0,
33,0,0,,0,
34,0,0,,0,
35,0,0,,0,
36,0,0,,0,
37,0,0,,0,
38,0,0,,0,
39,0,0,,0,
40,0,0,,0,
41,0,0,,0,
42,0,0,,0,
43,0,0,,0,
44,0,0,,0,
45,0,0,,0,
46,0,0,,0,
47,0,0,,0,
48,0,0,,0,
49,0,0,,0,
50,0,0,,0,
51,0,0,,0,
52,0,0,,0,
53,0,0,,0,
54,0,0,,0,
55,0,0,,0,
56,0,0,,0,
57,0,0,,0,
58,0,0,,0,
59,0,0,,0,
60,0,0,,0,
61,0,0,,0,
62,0,0,,0,
63,0,0,,0,
64,0,0,,0,
65,0,0,,0,
66,0,0,,0,
67,0,0,,0,
68,0,0,,0,
69,0,0,,0,
70,0,0,,0,
71,0,0,,0,
72,0,0,,0,
73,0,0,,0,
74,0,0,,0,
75,0,0,,0,
76,0,0,,0,
77,0,0,,0,
78,0,0,,0,
79,0,0,,0,
80,0,0,,0,
81,0,0,,0,
82,0,0,,0,
83,0,0,,0,
84,0,0,,0,
85,0,0,,0,
86,0,0,,0,
87,0,0,,0,
88,0,0,,0,
89,0,0,,0,
90,0,0,,0,
91,0,0,,0,
92,0,0,,0,
93,0,0,,0,
94,0,0,,0,
95,0,0,,0,
96,0,0,,0,
97,0,0,,0,
98,0,0,,0,
99,0,0,,0,
100,0,0,,0,
101,0,0,,0,
102,0,0,,0,
103,0,0,,0,
104,0,0,,0,
105,0,0,,0,
106,0,0,,0,
107,0,0,,0,
108,0,0,,0,
109,0,0,,0,
110,0,0,,0,
111,0.1,0,,0,
112,0.1,0,,0,
113,0.1,0,,0,
114,0.1,0,,0,
115,0.1,0,,0,
116,0.1,0,,0,
117,0.1,0,,0,
118,0.1,0,,0,
119,0.1,0,,0,
120,0.1,0,,0,
121,0.1,0,,0,
122,0.1,0,,0,
123,0.1,0,,0,
124,0.1,0,,0,
125,0.1,0,,0,
126,0.1,0,,0,
127,0.1,0,,0,
128,0.1,0,,0,
129,0.1,0,,0,
130,0.1,0,,0,
131,0.1,0,,0,
132,0.1,0,,0,
133,0.1,0,,0,
134,0.1,0,,0,
135,0.1,0,,0,
136,0.1,0,,0,
137,0.1,0,,0,
138,0.1,0,,0,
139,0.1,0,,0,
140,0.1,0,,0,
141,0.1,0,,0,
142,0.1,0,,0,
143,0.1,0,,0,
144,0.2,0,,0,
145,0.2,0,,0,
146,0.2,0,,0,
147,0.2,0,,0,
148,0.2,0,,0,
149,0.2,0,,0,
150,0.2,0,,0,
151,0.2,0,,0,
152,0.2,0,,0,
153,0.2,0,,0,
154,0.2,0,,0,
155,0.2,0,,0,
156,0.3,0,,0,
157,0.3,0,,0,
158,0.3,0,,0,
159,0.3,0,,0,
160,0.3,0,,0,
161,0.3,0,,0,
162,0.3,0,,0,
163,0.3,0,,0,
164,0.3,0,,0,
165,0.4,0,,0,
166,0.4,0,,0,
167,0.4,0,,0,
168,0.4,0,,0,
169,0.4,0,,0,
170,0.4,0,,0,
171,0.5,0,,0,
172,0.5,0,,0,
173,0.5,0,,0,
174,0.5,0,,0,
175,0.5,0,,0,
176,0.5,0,,0,
177,0.6,0,,0,
178,0.6,0,,0,
179,0.6,0,,0,
180,0.6,0,,0,
181,0.6,0,,0,
182,0.7,0,,0,
183,0.7,0,,0,
184,0.7,0,,0,
185,0.7,0,,0,
186,0.7,0,,0,
187,0.8,0,,0,
188,0.8,0,,0,
189,0.8,0,,0,
190,0.8,0,,0,
191,0.8,0,,0,
192,0.8,0,,0,
193,0.9,0,,0,
194,0.9,0,,0,
195,0.9,0,,0,
196,0.9,0,,0,
197,0.9,0,,0,
198,1,0,,0,
199,1,0,,0,
200,1,0,,0,
201,1,0,,0,
202,1,0,,0,
203,1.1,0,,0,
204,1.1,0,,0,
205,1.1,0,,0,
206,1.1,0,,0,
207,1.1,0,,0,
208,1.1,0,,0,
209,1.2,0,,0,
210,1.2,0,,0,
211,1.2,0,,0,
212,1.2,0,,0,
213,1.3,0,,0,
214,1.3,0,,0,
215,1.3,0,,0,
216,1.3,0,,0,
217,1.3,0,,0,
218,1.3,0,,0,
219,1.4,0,,0,
220,1.4,0,,0,
221,1.4,0,,0,
222,1.4,0,,0,
223,1.4,0,,0,
224,1.5,0,,0,
225,1.5,0,,0,
226,1.5,0,,0,
227,1.5,0,,0,
228,1.6,0,,0,
229,1.6,0,,0,
230,1.6,0,,0,
231,1.6,0,,0,
232,1.6,0,,0,
233,1.7,0,,0,
234,1.7,0,,0,
235,1.7,0,,0,
236,1.7,0,,0,
237,1.8,0,,0,
238,1.8,0,,0,
239,1.8,0,,0,
240,1.8,0,,0,
241,1.8,0,,0,
242,1.9,0,,0,
243,1.9,0,,0,
244,1.9,0,,0,
245,1.9,0,,0,
246,2,0,,0,
247,2,0,,0,
248,2,0,,0,
249,2,0,,0,
250,2,0,,0,
251,2,0,,0,
252,2.1,0,,0,
253,2.1,0,,0,
254,2.1,0,,0,
255,2.1,0,,0,
256,2.2,0,,0,
257,2.2,0,,0,
258,2.2,0,,0,
259,2.2,0,,0,
260,2.2,0,,0,
261,2.2,0,,0,
262,2.3,0,,0,
263,2.3,0,,0,
264,2.3,0,,0,
265,2.3,0,,0,
266,2.3,0,,0,
267,2.3,0,,0,
268,2.4,0,,0,
269,2.4,0,,0,
270,2.4,0,,0,
271,2.4,0,,0,
272,2.4,0,,0,
273,2.5,0,,0,
274,2.5,0,,0,
275,2.5,0,,0,
276,2.5,0,,0,
277,2.5,0,,0,
278,2.5,0,,0,
279,2.6,1,115,0,
280,2.6,1,115,0,
281,2.6,1,115,0,
282,2.6,1,115,0,
283,2.6,0,,0,
284,2.7,0,,0,
285,2.7,0,,0,
286,2.7,0,,0,
287,2.7,0,,0,
288,2.8,0,,0,
289,2.8,0,,0,
290,2.8,0,,0,
291,2.8,0,,0,
292,2.8,0,,0,
293,2.8,0,,0,
294,2.9,0,,0,
295,2.9,0,,0,
296,2.9,0,,0,
297,2.9,0,,0,
298,2.9,0,,0,
299,3,0,,0,
300,3,0,,0,
301,3,0,,0,
302,3,0,,0,
303,3,0,,0,
304,3,0,,0,
305,3.1,0,,0,
306,3.1,0,,0,
307,3.1,0,,0,
308,3.1,0,,0,
309,3.1,0,,0,
310,3.2,0,,0,
311,3.2,0,,0,
312,3.2,0,,0,
313,3.2,0,,0,
314,3.2,0,,0,
315,3.2,0,,0,
316,3.3,0,,0,
317,3.3,0,,0,
318,3.3,0,,0,
319,3.3,0,,0,
320,3.3,0,,0,
321,3.3,0,,0,
322,3.3,0,,0,
323,3.4,0,,0,
324,3.4,0,,0,
325,3.4,0,,0,
326,3.4,0,,0,
327,3.4,0,,0,
328,3.5,0,,0,
329,3.5,0,,0,
330,3.5,0,,0,
331,3.5,0,,0,
332,3.5,0,,0,
333,3.5,0,,0,
334,3.6,0,,0,
335,3.6,0,,0,
336,3.6,0,,0,
337,3.6,0,,0,
338,3.7,0,,0,
339,3.7,0,,0,
340,3.7,0,,0,
341,3.7,0,,0,
342,3.7,0,,0,
343,3.8,0,,0,
344,3.8,0,,0,
345,3.8,0,,0,
346,3.8,0,,0,
347,3.8,0,,0,
348,3.9,0,,0,
349,3.9,0,,0,
350,3.9,0,,0,
351,3.9,0,,0,
352,3.9,0,,0,
353,4,0,,0,
354,4,0,,0,
355,4,0,,0,
356,4,0,,0,
357,4,0,,0,
358,4.1,0,,0,
359,4.1,0,,0,
360,4.1,0,,0,
361,4.1,0,,0,
362,4.1,0,,0,
363,4.1,0,,0,
364,4.2,0,,0,
365,4.2,0,,0,
366,4.2,0,,0,
367,4.2,0,,0,
368,4.2,0,,0,
369,4.2,0,,0,
370,4.3,0,,0,
371,4.3,0,,0,
372,4.3,0,,0,
373,4.3,0,,0,
374,4.3,0,,0,
375,4.3,0,,0,
376,4.4,0,,0,
377,4.4,0,,0,
378,4.4,0,,0,
379,4.4,0,,0,
380,4.4,0,,0,
381,4.4,0,,0,
382,4.5,0,,0,
383,4.5,0,,0,
384,4.5,0,,0,
385,4.5,0,,0,
386,4.5,0,,0,
387,4.6,0,,0,
388,4.6,0,,0,
389,4.6,0,,0,
390,4.6,0,,0,
391,4.6,0,,0,
392,4.7,0,,0,
393,4.7,0,,0,
394,4.7,0,,0,
395,4.7,0,,0,
396,4.8,0,,0,
397,4.8,0,,0,
398,4.8,0,,0,
399,4.8,0,,0,
400,4.8,0,,0,
401,4.9,0,,0,
402,4.9,0,,0,
403,4.9,0,,0,
404,4.9,0,,0,
405,5,0,,0,
406,5,0,,0,
407,5,0,,0,
408,5,0,,0,
409,5,0,,0,
410,5.1,0,,0,
411,5.1,0,,0,
412,5.1,0,,0,
413,5.1,0,,0,
414,5.1,0,,0,
415,5.2,0,,0,
416,5.2,0,,0,
417,5.2,0,,0,
418,5.2,0,,0,
419,5.2,0,,0,
420,5.2,0,,0,
421,5.3,0,,0,
422,5.3,0,,0,
423,5.3,0,,0,
424,5.3,0,,0,
425,5.3,0,,0,
426,5.3,0,,0,
427,5.4,0,,0,
428,5.4,0,,0,
429,5.4,0,,0,
430,5.4,0,,0,
431,5.4,0,,0,
432,5.5,0,,0,
433,5.5,0,,0,
434,5.5,0,,0,
435,5.5,0,,0,
436,5.5,0,,0,
437,5.6,0,,0,
438,5.6,0,,0,
439,5.6,0,,0,
440,5.6,0,,0,
441,5.6,0,,0,
442,5.6,0,,0,
443,5.6,0,,0,
444,5.7,0,,0,
445,5.7,0,,0,
446,5.7,0,,0,
447,5.7,0,,0,
448,5.7,0,,0,
449,5.8,0,,0,
450,5.8,0,,0,
451,5.8,0,,0,
452,5.8,0,,0,
453,5.8,0,,0,
454,5.8,0,,0,
455,5.9,0,,0,
456,5.9,0,,0,
457,5.9,0,,0,
458,6,0,,0,
459,6,0,,0,
460,6,0,,0,
461,6,0,,0,
462,6.1,0,,0,
463,6.1,0,,0,
464,6.1,0,,0,
465,6.1,0,,0,
466,6.1,0,,0,
467,6.2,0,,0,
468,6.2,0,,0,
469,6.2,0,,0,
470,6.2,0,,0,
471,6.2,0,,0,
472,6.3,0,,0,
473,6.3,0,,0,
474,6.3,0,,0,
475,6.3,0,,0,
476,6.3,0,,0,
477,6.3,0,,0,
478,6.3,0,,0,
479,6.4,0,,0,
480,6.4,0,,0,
481,6.4,0,,0,
482,6.4,0,,0,
483,6.4,0,,0,
484,6.5,0,,0,
485,6.5,0,,0,
486,6.5,0,,0,
487,6.5,0,,0,
488,6.5,0,,0,
489,6.5,0,,0,
490,6.6,0,,0,
491,6.6,0,,0,
492,6.6,0,,0,
493,6.6,0,,0,
494,6.6,0,,0,
495,6.7,0,,0,
496,6.7,0,,0,
497,6.7,0,,0,
498,6.7,0,,0,
499,6.7,0,,0,
500,6.8,0,,0,
501,6.8,0,,0,
502,6.8,0,,0,
503,6.8,0,,0,
504,6.8,0,,0,
505,6.9,0,,0,
506,6.9,0,,0,
507,6.9,0,,0,
508,6.9,0,,0,
509,6.9,0,,0,
510,7,0,,0,
511,7,0,,0,
512,7,0,,0,
513,7,0,,0,
514,7.1,0,,0,
515,7.1,0,,0,
516,7.1,0,,0,
517,7.1,0,,0,
518,7.1,0,,0,
519,7.2,0,,0,
520,7.2,0,,0,
521,7.2,0,,0,
522,7.2,0,,0,
523,7.2,0,,0,
524,7.2,0,,0,
525,7.2,0,,0,
526,7.3,0,,0,
527,7.3,0,,0,
528,7.3,0,,0,
529,7.3,0,,0,
530,7.3,0,,0,
531,7.3,0,,0,
532,7.3,0,,0,
533,7.3,0,,0,
534,7.4,0,,0,
535,7.4,0,,0,
536,7.4,0,,0,
537,7.4,0,,0,
538,7.4,0,,0,
539,7.4,0,,0,
540,7.5,0,,0,
541,7.5,0,,0,
542,7.5,0,,0,
543,7.5,0,,0,
544,7.6,0,,0,
545,7.6,0,,0,
546,7.6,0,,0,
547,7.7,0,,0,
548,7.7,0,,0,
549,7.7,0,,0,
550,7.7,0,,0,
551,7.8,0,,0,
552,7.8,0,,0,
553,7.8,0,,0,
554,7.8,0,,0,
555,7.8,0,,0,
556,7.9,0,,0,
557,7.9,0,,0,
558,7.9,0,,0,
559,7.9,0,,0,
560,7.9,0,,0,
561,7.9,0,,0,
562,8,0,,0,
563,8,0,,0,
564,8,0,,0,
565,8,0,,0,
566,8,0,,0,
567,8.1,0,,0,
568,8.1,0,,0,
569,8.1,0,,0,
570,8.1,0,,0,
571,8.1,0,,0,
572,8.1,0,,0,
573,8.2,0,,0,
574,8.2,0,,0,
575,8.2,0,,0,
576,8.2,0,,0,
577,8.2,0,,0,
578,8.3,0,,0,
579,8.3,0,,0,
580,8.3,0,,0,
581,8.3,0,,0,
582,8.3,0,,0,
583,8.4,0,,0,
584,8.4,0,,0,
585,8.4,0,,0,
586,8.4,0,,0,
587,8.4,0,,0,
588,8.4,0,,0,
589,8.4,0,,0,
590,8.5,0,,0,
591,8.5,0,,0,
592,8.5,0,,0,
593,8.5,0,,0,
594,8.6,0,,0,
595,8.6,0,,0,
596,8.6,0,,0,
597,8.6,0,,0,
598,8.6,0,,0,
599,8.6,0,,0,
600,8.7,0,,0,
601,8.7,0,,0,
602,8.7,0,,0,
603,8.7,0,,0,
604,8.7,0,,0,
605,8.8,0,,0,
606,8.8,0,,0,
607,8.8,0,,0,
608,8.8,0,,0,
609,8.8,0,,0,
610,8.8,0,,0,
611,8.9,0,,0,
612,8.9,0,,0,
613,8.9,0,,0,
614,8.9,0,,0,
615,8.9,0,,0,
616,8.9,0,,0,
617,9,0,,0,
618,9,0,,0,
619,9,0,,0,
620,9,0,,0,
621,9,0,,0,
622,9.1,0,,0,
623,9.1,0,,0,
624,9.1,0,,0,
625,9.1,0,,0,
626,9.1,0,,0,
627,9.1,0,,0,
628,9.2,0,,0,
629,9.2,0,,0,
630,9.2,0,,0,
631,9.2,0,,0,
632,9.3,0,,0,
633,9.3,0,,0,
634,9.3,0,,0,
635,9.3,0,,0,
636,9.3,0,,0,
637,9.4,0,,0,
638,9.4,0,,0,
639,9.4,0,,0,
640,9.4,0,,0,
641,9.4,0,,0,
642,9.4,0,,0,
643,9.5,0,,0,
644,9.5,0,,0,
645,9.5,0,,0,
646,9.5,0,,0,
647,9.6,0,,0,
648,9.6,0,,0,
649,9.6,0,,0,
650,9.6,0,,0,
651,9.6,0,,0,
652,9.7,0,,0,
653,9.7,0,,0,
654,9.7,0,,0,
655,9.7,0,,0,
656,9.7,0,,0,
657,9.8,0,,0,
658,9.8,0,,0,
659,9.8,0,,0,
660,9.8,0,,0,
661,9.8,0,,0,
662,9.9,0,,0,
663,9.9,0,,0,
664,9.9,0,,0,
665,9.9,0,,0,
666,9.9,0,,0,
667,9.9,0,,0,
668,10,0,,0,
669,10,0,,0,
670,10,0,,0,
671,10,0,,0,
672,10,0,,0,
673,10.1,0,,0,
674,10.1,0,,0,
675,10.1,0,,0,
676,10.1,0,,0,
677,10.1,0,,0,
678,10.1,0,,0,
679,10.2,0,,0,
680,10.2,0,,0,
681,10.2,0,,0,
682,10.2,0,,0,
683,10.2,0,,0,
684,10.3,0,,0,
685,10.3,0,,0,
686,10.3,0,,0,
687,10.3,0,,0,
688,10.4,0,,0,
689,10.4,0,,0,
690,10.4,0,,0,
691,10.4,0,,0,
692,10.4,0,,0,
693,10.4,0,,0,
694,10.5,0,,0,
695,10.5,0,,0,
696,10.5,0,,0,
697,10.6,0,,0,
698,10.6,0,,0,
699,10.6,0,,0,
700,10.6,0,,0,
701,10.6,0,,0,
702,10.7,0,,0,
703,10.7,0,,0,
704,10.7,0,,0,
705,10.7,0,,0,
706,10.8,0,,0,
707,10.8,0,,0,
708,10.8,0,,0,
709,10.8,0,,0,
710,10.8,0,,0,
711,10.9,0,,0,
712,10.9,0,,0,
713,10.9,0,,0,
714,10.9,0,,0,
715,10.9,0,,0,
716,11,0,,0,
717,11,0,,0,
718,11,0,,0,
719,11,0,,0,
720,11,0,,0,
721,11,0,,0,
722,11.1,0,,0,
723,11.1,0,,0,
724,11.1,0,,0,
725,11.1,0,,0,
726,11.1,0,,0,
727,11.2,1,70,0,
728,11.2,1,70,0,
729,11.2,1,70,0,
730,11.2,1,70,0,
731,11.2,1,70,0,
732,11.3,0,,0,
733,11.3,0,,0,
734,11.3,0,,0,
735,11.3,0,,0,
736,11.3,0,,0,
737,11.3,0,,0,
738,11.4,0,,1,270
739,11.4,0,,1,270
740,11.4,0,,1,270
741,11.4,0,,1,270
742,11.4,0,,1,270
743,11.5,0,,1,270
744,11.5,0,,1,270
745,11.5,0,,1,270
746,11.5,0,,1,270
747,11.6,0,,0,
748,11.6,0,,0,
749,11.6,0,,0,
750,11.6,0,,0,
751,11.6,0,,0,
752,11.7,0,,0,
753,11.7,0,,0,
754,11.7,0,,0,
755,11.7,0,,0,
756,11.8,0,,0,
757,11.8,0,,0,
758,11.8,0,,0,
759,11.8,0,,0,
760,11.8,0,,0,
761,11.8,0,,0,
762,11.8,0,,0,
763,11.9,0,,0,
764,11.9,0,,0,
765,11.9,0,,0,
766,11.9,0,,0,
767,11.9,0,,0,
768,11.9,0,,0,
769,11.9,0,,0,
770,11.9,0,,0,
771,12,0,,0,
772,12,0,,0,
773,12,0,,0,
774,12,0,,0,
775,12,0,,0,
776,12,0,,0,
777,12,0,,0,
778,12.1,0,,0,
779,12.1,0,,0,
780,12.1,0,,0,
781,12.1,0,,0,
782,12.1,0,,0,
783,12.1,0,,0,
784,12.1,0,,0,
785,12.2,0,,0,
786,12.2,0,,0,
787,12.2,0,,0,
788,12.2,0,,0,
789,12.2,0,,0,
790,12.2,0,,0,
791,12.2,0,,0,
792,12.3,0,,0,
793,12.3,0,,0,
794,12.3,0,,0,
795,12.3,0,,0,
796,12.3,0,,0,
797,12.3,0,,0,
798,12.4,0,,1,270
799,12.4,0,,1,270
800,12.4,0,,1,270
801,12.4,0,,1,270
802,12.4,0,,1,270
803,12.4,0,,1,270
804,12.5,0,,1,270
805,12.5,0,,1,270
806,12.5,0,,1,270
807,12.5,0,,1,270
808,12.5,0,,1,270
809,12.5,0,,1,270
810,12.5,0,,1,270
811,12.6,0,,1,270
812,12.6,0,,1,270
813,12.6,0,,1,270
814,12.6,0,,1,270
815,12.6,0,,1,270
816,12.6,0,,1,270
817,12.7,0,,1,270
818,12.7,0,,1,270
819,12.7,0,,1,270
820,12.7,0,,1,270
821,12.7,0,,1,270
822,12.7,0,,1,270
823,12.8,0,,1,270
824,12.8,0,,1,270
825,12.8,0,,1,270
826,12.8,0,,1,270
827,12.8,0,,1,270
828,12.8,0,,1,270
829,12.9,0,,1,270
830,12.9,0,,1,270
831,12.9,0,,1,270
832,12.9,0,,1,270
833,12.9,0,,1,270
834,12.9,0,,1,270
835,12.9,0,,1,270
836,13,0,,1,270
837,13,0,,1,270
838,13,0,,1,270
839,13,0,,1,270
840,13,0,,1,270
841,13,0,,1,270
842,13,0,,1,270
843,13.1,0,,1,270
844,13.1,0,,1,270
845,13.1,0,,1,270
846,13.1,0,,1,270
847,13.1,0,,1,270
848,13.1,0,,1,270
849,13.1,0,,1,270
850,13.1,0,,1,270
851,13.2,0,,1,270
852,13.2,0,,1,270
853,13.2,0,,1,270
854,13.2,0,,1,270
855,13.2,0,,1,270
856,13.2,0,,1,270
857,13.3,0,,1,270
858,13.3,0,,1,270
859,13.3,0,,1,270
860,13.3,0,,1,270
861,13.3,0,,1,270
862,13.3,0,,1,270
863,13.4,0,,1,270
864,13.4,0,,1,270
865,13.4,0,,1,270
866,13.4,0,,1,270
867,13.4,0,,1,270
868,13.4,0,,1,270
869,13.5,0,,1,270
870,13.5,0,,1,270
871,13.5,0,,1,270
872,13.5,0,,1,270
873,13.5,0,,1,270
874,13.5,0,,1,270
875,13.6,0,,1,270
876,13.6,0,,1,270
877,13.6,0,,1,270
878,13.6,0,,1,270
879,13.6,0,,1,270
880,13.6,0,,1,270
881,13.6,0,,1,270
882,13.7,0,,1,270
883,13.7,0,,1,270
884,13.7,0,,1,270
885,13.7,0,,1,270
886,13.7,0,,1,270
887,13.7,0,,1,270
888,13.7,0,,1,270
889,13.8,0,,1,270
890,13.8,0,,1,270
891,13.8,0,,1,270
892,13.8,0,,1,270
893,13.8,0,,1,270
894,13.8,0,,1,270
895,13.8,0,,1,270
896,13.8,0,,1,270
897,13.9,0,,1,270
898,13.9,0,,1,270
899,13.9,0,,1,270
900,13.9,0,,1,270
901,13.9,0,,1,270
902,13.9,0,,1,270
903,13.9,0,,1,270
904,13.9,0,,1,270
905,14,0,,1,270
906,14,0,,1,270
907,14,0,,1,270
908,14,0,,1,270
909,14,0,,1,270
910,14,0,,1,270
911,14,0,,1,270
912,14.1,0,,1,270
913,14.1,0,,1,270
914,14.1,0,,1,270
915,14.1,0,,1,270
916,14.1,0,,1,270
917,14.1,0,,1,270
918,14.2,0,,0,
919,14.2,0,,0,
920,14.2,0,,0,
921,14.2,0,,0,
922,14.2,0,,0,
923,14.2,0,,0,
924,14.3,0,,0,
925,14.3,0,,0,
926,14.3,0,,0,
927,14.3,0,,0,
928,14.3,0,,0,
929,14.4,0,,0,
930,14.4,0,,0,
931,14.4,0,,0,
932,14.4,0,,0,
933,14.4,0,,0,
934,14.4,0,,0,
935,14.4,0,,0,
936,14.5,0,,0,
937,14.5,0,,0,
938,14.5,0,,0,
939,14.5,0,,0,
940,14.5,0,,0,
941,14.6,0,,0,
942,14.6,0,,0,
943,14.6,0,,0,
944,14.6,0,,0,
945,14.6,0,,0,
946,14.6,0,,0,
947,14.6,0,,0,
948,14.7,0,,0,
949,14.7,0,,0,
950,14.7,0,,0,
951,14.7,0,,0,
952,14.7,0,,0,
953,14.7,0,,0,
954,14.7,0,,0,
955,14.8,0,,0,
956,14.8,0,,0,
957,14.8,0,,0,
958,14.8,0,,0,
959,14.8,0,,0,
960,14.8,0,,0,
961,14.8,0,,0,
962,14.9,0,,0,
963,14.9,0,,0,
964,14.9,0,,0,
965,14.9,0,,0,
966,14.9,0,,0,
967,14.9,0,,0,
968,14.9,0,,0,
969,14.9,0,,0,
970,15,0,,0,
971,15,0,,0,
972,15,0,,0,
973,15,0,,0,
974,15,0,,0,
975,15,0,,0,
976,15,0,,0,
977,15.1,0,,0,
978,15.1,0,,0,
979,15.1,0,,0,
980,15.1,0,,0,
981,15.1,0,,0,
982,15.1,0,,0,
983,15.2,0,,0,
984,15.2,0,,0,
985,15.2,0,,0,
986,15.2,0,,0,
987,15.2,0,,0,
988,15.2,0,,0,
989,15.3,0,,0,
990,15.3,0,,0,
991,15.3,0,,0,
992,15.3,0,,0,
993,15.3,0,,0,
994,15.4,0,,0,
995,15.4,0,,0,
996,15.4,0,,0,
997,15.4,0,,0,
998,15.4,0,,0,
999,15.4,0,,0,
1000,15.4,0,,0,
1001,15.5,0,,0,
1002,15.5,0,,0,
1003,15.5,0,,0,
1004,15.5,0,,0,
1005,15.5,0,,0,
1006,15.6,0,,0,
1007,15.6,0,,0,
1008,15.6,0,,0,
1009,15.6,0,,0,
1010,15.6,0,,0,
1011,15.6,0,,0,
1012,15.6,0,,0,
1013,15.6,0,,0,
1014,15.7,0,,0,
1015,15.7,0,,0,
1016,15.7,0,,0,
1017,15.7,0,,0,
1018,15.7,0,,0,
1019,15.7,0,,0,
1020,15.8,0,,0,
1021,15.8,0,,0,
1022,15.8,0,,0,
1023,15.8,0,,0,
1024,15.8,0,,0,
1025,15.8,0,,0,
1026,15.8,0,,0,
1027,15.9,0,,0,
1028,15.9,0,,0,
1029,15.9,0,,0,
1030,15.9,0,,0,
1031,15.9,0,,0,
1032,15.9,0,,0,
1033,15.9,0,,0,
1034,16,0,,0,
1035,16,0,,0,
1036,16,0,,0,
1037,16,0,,0,
1038,16,0,,0,
1039,16,0,,0,
1040,16,0,,0,
1041,16.1,0,,0,
1042,16.1,0,,0,
1043,16.1,0,,0,
1044,16.1,0,,0,
1045,16.1,0,,0,
1046,16.1,0,,0,
1047,16.1,0,,0,
1048,16.2,0,,0,
1049,16.2,0,,0,
1050,16.2,0,,0,
1051,16.2,0,,0,
1052,16.2,0,,0,
1053,16.2,0,,0,
1054,16.2,0,,0,
1055,16.3,0,,0,
1056,16.3,0,,0,
1057,16.3,0,,0,
1058,16.3,0,,0,
1059,16.3,0,,0,
1060,16.4,0,,0,
1061,16.4,0,,0,
1062,16.4,0,,0,
1063,16.4,0,,0,
1064,16.4,0,,0,
1065,16.5,0,,0,
1066,16.5,0,,0,
1067,16.5,0,,0,
1068,16.5,0,,0,
1069,16.5,0,,0,
1070,16.5,0,,0,
1071,16.6,0,,0,
1072,16.6,0,,0,
1073,16.6,0,,0,
1074,16.6,0,,0,
1075,16.6,0,,0,
1076,16.6,0,,0,
1077,16.6,0,,0,
1078,16.7,0,,0,
1079,16.7,0,,0,
1080,16.7,0,,0,
1081,16.7,0,,0,
1082,16.7,0,,0,
1083,16.7,0,,0,
1084,16.8,0,,0,
1085,16.8,0,,0,
1086,16.8,0,,0,
1087,16.8,0,,0,
1088,16.8,0,,0,
1089,16.8,0,,0,
1090,16.8,0,,0,
1091,16.9,0,,0,
1092,16.9,0,,0,
1093,16.9,0,,0,
1094,16.9,0,,0,
1095,16.9,0,,0,
1096,16.9,0,,0,
1097,16.9,0,,0,
1098,16.9,0,,0,
1099,17,0,,0,
1100,17,0,,0,
1101,17,0,,0,
1102,17,0,,0,
1103,17,0,,0,
1104,17,0,,0,
1105,17,0,,0,
1106,17.1,0,,0,
1107,17.1,0,,0,
1108,17.1,0,,0,
1109,17.1,0,,0,
1110,17.1,0,,0,
1111,17.1,0,,0,
1112,17.1,0,,0,
1113,17.2,0,,0,
1114,17.2,0,,0,
1115,17.2,0,,0,
1116,17.2,0,,0,
1117,17.2,0,,0,
1118,17.2,0,,0,
1119,17.2,0,,0,
1120,17.3,0,,0,
1121,17.3,0,,0,
1122,17.3,0,,0,
1123,17.3,0,,0,
1124,17.3,0,,0,
1125,17.3,0,,0,
1126,17.4,0,,0,
1127,17.4,0,,0,
1128,17.4,0,,0,
1129,17.4,0,,0,
1130,17.4,0,,0,
1131,17.5,0,,0,
1132,17.5,0,,0,
1133,17.5,0,,0,
1134,17.5,0,,0,
1135,17.5,0,,0,
1136,17.6,0,,0,
1137,17.6,0,,0,
1138,17.6,0,,0,
1139,17.6,0,,0,
1140,17.6,0,,0,
1141,17.6,0,,0,
1142,17.6,0,,0,
1143,17.7,0,,0,
1144,17.7,0,,0,
1145,17.7,0,,0,
1146,17.7,0,,0,
1147,17.7,0,,0,
1148,17.7,0,,0,
1149,17.7,0,,0,
1150,17.8,0,,0,
1151,17.8,0,,0,
1152,17.8,0,,0,
1153,17.8,0,,0,
1154,17.8,0,,0,
1155,17.8,0,,0,
1156,17.8,0,,0,
1157,17.9,0,,0,
1158,17.9,0,,0,
1159,17.9,0,,0,
1160,17.9,0,,0,
1161,17.9,0,,0,
1162,17.9,0,,0,
1163,18,0,,0,
1164,18,0,,0,
1165,18,0,,0,
1166,18,0,,0,
1167,18,0,,0,
1168,18,0,,0,
1169,18,0,,0,
1170,18,0,,0,
1171,18,0,,0,
1172,18.1,0,,0,
1173,18.1,0,,0,
1174,18.1,0,,0,
1175,18.1,0,,0,
1176,18.1,0,,0,
1177,18.1,0,,0,
1178,18.1,0,,0,
1179,18.2,0,,0,
1180,18.2,0,,0,
1181,18.2,0,,0,
1182,18.2,0,,0,
1183,18.2,0,,0,
1184,18.3,0,,0,
1185,18.3,0,,0,
1186,18.3,0,,0,
1187,18.3,0,,0,
1188,18.3,0,,0,
1189,18.4,0,,0,
1190,18.4,0,,0,
1191,18.4,0,,0,
1192,18.4,0,,0,
1193,18.4,0,,0,
1194,18.5,0,,0,
1195,18.5,0,,0,
1196,18.5,0,,0,
1197,18.5,0,,0,
1198,18.5,0,,0,
1199,18.5,0,,0,
1200,18.5,0,,0,
1201,18.6,0,,0,
1202,18.6,0,,0,
1203,18.6,0,,0,
1204,18.6,0,,0,
1205,18.6,0,,0,
1206,18.6,0,,0,
1207,18.7,0,,0,
1208,18.7,0,,0,
1209,18.7,0,,0,
1210,18.7,0,,0,
1211,18.7,0,,0,
1212,18.7,0,,0,
1213,18.7,0,,0,
1214,18.7,0,,0,
1215,18.8,0,,1,270
1216,18.8,0,,1,270
1217,18.8,0,,1,270
1218,18.8,0,,1,270
1219,18.8,0,,1,270
1220,18.8,0,,1,270
1221,18.8,0,,1,270
1222,18.8,0,,1,270
1223,18.8,0,,1,270
1224,18.8,0,,1,270
1225,18.9,0,,1,270
1226,18.9,0,,1,270
1227,18.9,0,,1,270
1228,18.9,0,,1,270
1229,18.9,0,,1,270
1230,18.9,0,,1,270
1231,18.9,0,,1,270
1232,19,1,70,1,270
1233,19,1,70,1,270
1234,19,1,70,1,270
1235,19,1,70,1,270
1236,19,1,70,1,270
1237,19,1,70,1,270
1238,19,1,70,1,270
1239,19,1,70,1,270
1240,19,1,70,1,270
1241,19,1,70,1,270
1242,19.1,0,,1,270
1243,19.1,0,,1,270
1244,19.1,0,,1,270
1245,19.1,0,,1,270
1246,19.1,0,,1,270
1247,19.1,0,,1,270
1248,19.2,0,,1,270
1249,19.2,0,,1,270
1250,19.2,0,,1,270
1251,19.2,0,,1,270
1252,19.2,0,,1,270
1253,19.2,0,,1,270
1254,19.3,0,,1,270
1255,19.3,0,,1,270
1256,19.3,0,,1,270
1257,19.3,0,,1,270
1258,19.3,0,,1,270
1259,19.4,0,,1,270
1260,19.4,0,,1,270
1261,19.4,0,,1,270
1262,19.4,0,,1,270
1263,19.4,0,,1,270
1264,19.4,0,,1,270
1265,19.5,0,,1,270
1266,19.5,0,,1,270
1267,19.5,0,,1,270
1268,19.5,0,,1,270
1269,19.5,0,,1,270
1270,19.5,0,,1,270
1271,19.5,0,,1,270
1272,19.5,0,,1,270
1273,19.6,0,,1,270
1274,19.6,0,,1,270
1275,19.6,0,,1,270
1276,19.6,0,,1,270
1277,19.6,0,,1,270
1278,19.6,0,,1,270
1279,19.6,0,,1,270
1280,19.7,0,,1,270
1281,19.7,0,,1,270
1282,19.7,0,,1,270
1283,19.7,0,,1,270
1284,19.7,0,,1,270
1285,19.7,0,,1,270
1286,19.7,0,,1,270
1287,19.7,0,,1,270
1288,19.8,0,,0,
1289,19.8,0,,0,
1290,19.8,0,,0,
1291,19.8,0,,0,
1292,19.8,0,,0,
1293,19.8,0,,0,
1294,19.8,0,,0,
1295,19.9,0,,0,
1296,19.9,0,,0,
1297,19.9,0,,0,
1298,19.9,0,,0,
1299,19.9,0,,0,
1300,19.9,0,,0,
1301,19.9,0,,0,
1302,20,0,,0,
1303,20,0,,0,
1304,20,0,,0,
1305,20,0,,0,
1306,20,0,,0,
1307,20,0,,0,
1308,20,0,,0,
1309,20.1,0,,0,
1310,20.1,0,,0,
1311,20.1,0,,0,
1312,20.1,0,,0,
1313,20.1,0,,0,
1314,20.1,0,,0,
1315,20.2,0,,0,
1316,20.2,0,,0,
1317,20.2,0,,0,
1318,20.2,0,,0,
1319,20.2,0,,0,
1320,20.3,0,,0,
1321,20.3,0,,0,
1322,20.3,0,,0,
1323,20.3,0,,0,
1324,20.3,0,,0,
1325,20.4,0,,0,
1326,20.4,0,,0,
1327,20.4,0,,0,
1328,20.4,0,,0,
1329,20.4,0,,0,
1330,20.4,0,,0,
1331,20.4,0,,0,
1332,20.4,0,,0,
1333,20.5,0,,0,
1334,20.5,0,,0,
1335,20.5,0,,0,
1336,20.5,0,,0,
1337,20.5,0,,0,
1338,20.5,0,,0,
1339,20.5,0,,0,
1340,20.6,0,,0,
1341,20.6,0,,0,
1342,20.6,0,,0,
1343,20.6,0,,0,
1344,20.6,0,,0,
1345,20.6,0,,0,
1346,20.7,0,,0,
1347,20.7,0,,0,
1348,20.7,0,,0,
1349,20.7,0,,0,
1350,20.7,0,,0,
1351,20.7,0,,0,
1352,20.7,0,,0,
1353,20.7,0,,0,
1354,20.7,0,,0,
1355,20.7,0,,0,
1356,20.8,0,,0,
1357,20.8,0,,0,
1358,20.8,0,,0,
1359,20.8,0,,0,
1360,20.8,0,,0,
1361,20.8,0,,0,
1362,20.8,0,,0,
1363,20.8,0,,0,
1364,20.9,0,,0,
1365,20.9,0,,0,
1366,20.9,0,,0,
1367,20.9,0,,0,
1368,20.9,0,,0,
1369,20.9,0,,0,
1370,21,0,,0,
1371,21,0,,0,
1372,21,0,,0,
1373,21,0,,0,
1374,21,0,,0,
1375,21.1,0,,0,
1376,21.1,0,,0,
1377,21.1,0,,0,
1378,21.1,0,,0,
1379,21.1,0,,0,
1380,21.2,0,,0,
1381,21.2,0,,0,
1382,21.2,0,,0,
1383,21.2,0,,0,
1384,21.2,0,,0,
1385,21.2,0,,0,
1386,21.2,0,,0,
1387,21.3,0,,0,
1388,21.3,0,,0,
1389,21.3,0,,0,
1390,21.3,0,,0,
1391,21.3,0,,0,
1392,21.3,0,,0,
1393,21.3,0,,0,
1394,21.4,0,,0,
1395,21.4,0,,0,
1396,21.4,0,,0,
1397,21.4,0,,0,
1398,21.4,0,,0,
1399,21.4,0,,0,
1400,21.4,0,,0,
1401,21.4,0,,0,
1402,21.5,0,,0,
1403,21.5,0,,0,
1404,21.5,0,,0,
1405,21.5,0,,0,
1406,21.5,0,,0,
1407,21.5,0,,0,
1408,21.5,0,,0,
1409,21.5,0,,0,
1410,21.5,0,,0,
1411,21.6,0,,0,
1412,21.6,0,,0,
1413,21.6,0,,0,
1414,21.6,0,,0,
1415,21.6,0,,0,
1416,21.6,0,,0,
1417,21.6,0,,0,
1418,21.6,0,,0,
1419,21.7,0,,0,
1420,21.7,0,,0,
1421,21.7,0,,0,
1422,21.7,0,,0,
1423,21.7,0,,0,
1424,21.7,0,,0,
1425,21.7,0,,0,
1426,21.7,0,,0,
1427,21.8,0,,0,
1428,21.8,0,,0,
1429,21.8,0,,0,
1430,21.8,0,,0,
1431,21.8,0,,0,
1432,21.8,0,,0,
1433,21.9,0,,0,
1434,21.9,0,,0,
1435,21.9,0,,0,
1436,21.9,0,,0,
1437,22,0,,0,
1438,22,0,,0,
1439,22,0,,0,
1440,22,0,,0,
1441,22,0,,0,
1442,22,0,,0,
1443,22.1,0,,0,
1444,22.1,0,,0,
1445,22.1,0,,0,
1446,22.1,0,,0,
1447,22.1,0,,0,
1448,22.1,0,,0,
1449,22.1,0,,0,
1450,22.2,0,,0,
1451,22.2,0,,0,
1452,22.2,0,,0,
1453,22.2,0,,0,
1454,22.2,0,,0,
1455,22.2,0,,0,
1456,22.2,0,,0,
1457,22.2,0,,0,
1458,22.3,0,,0,
1459,22.3,0,,0,
1460,22.3,0,,0,
1461,22.3,0,,0,
1462,22.3,0,,0,
1463,22.3,0,,0,
1464,22.3,0,,0,
1465,22.4,0,,0,
1466,22.4,0,,0,
1467,22.4,0,,0,
1468,22.4,0,,0,
1469,22.4,0,,0,
1470,22.4,0,,0,
1471,22.4,0,,0,
1472,22.5,0,,0,
1473,22.5,0,,0,
1474,22.5,0,,0,
1475,22.5,0,,0,
1476,22.5,0,,0,
1477,22.5,0,,0,
1478,22.5,0,,0,
1479,22.6,0,,0,
1480,22.6,0,,0,
1481,22.6,0,,0,
1482,22.6,0,,0,
1483,22.6,0,,0,
1484,22.6,0,,0,
1485,22.6,0,,0,
1486,22.6,0,,0,
1487,22.6,0,,0,
1488,22.6,0,,0,
1489,22.7,0,,0,
1490,22.7,0,,0,
1491,22.7,0,,0,
1492,22.7,0,,0,
1493,22.7,0,,0,
1494,22.7,0,,0,
1495,22.7,0,,0,
1496,22.8,0,,0,
1497,22.8,0,,0,
1498,22.8,0,,0,
1499,22.8,0,,0,
1500,22.8,0,,0,
1501,22.9,0,,0,
1502,22.9,0,,0,
1503,22.9,0,,0,
1504,22.9,0,,0,
1505,22.9,0,,0,
1506,23,0,,0,
1507,23,0,,0,
1508,23,0,,0,
1509,23,0,,0,
1510,23,0,,0,
1511,23,0,,0,
1512,23,0,,0,
1513,23.1,0,,0,
1514,23.1,0,,0,
1515,23.1,0,,0,
1516,23.1,0,,0,
1517,23.1,0,,0,
1518,23.1,0,,0,
1519,23.1,0,,0,
1520,23.2,0,,0,
1521,23.2,0,,0,
1522,23.2,0,,0,
1523,23.2,0,,0,
1524,23.2,0,,0,
1525,23.2,0,,0,
1526,23.3,0,,0,
1527,23.3,0,,0,
1528,23.3,0,,0,
1529,23.3,0,,0,
1530,23.3,0,,0,
1531,23.3,0,,0,
1532,23.3,0,,0,
1533,23.3,0,,0,
1534,23.4,0,,0,
1535,23.4,0,,0,
1536,23.4,0,,0,
1537,23.4,0,,0,
1538,23.4,0,,0,
1539,23.4,0,,0,
1540,23.4,0,,0,
1541,23.5,0,,0,
1542,23.5,0,,0,
1543,23.5,0,,0,
1544,23.5,0,,0,
1545,23.5,0,,0,
1546,23.5,0,,0,
1547,23.5,0,,0,
1548,23.6,0,,0,
1549,23.6,0,,0,
1550,23.6,0,,0,
1551,23.6,0,,0,
1552,23.6,0,,0,
1553,23.6,0,,0,
1554,23.6,0,,0,
1555,23.7,0,,0,
1556,23.7,0,,0,
1557,23.7,0,,0,
1558,23.7,0,,0,
1559,23.7,0,,0,
1560,23.7,0,,0,
1561,23.7,0,,0,
1562,23.7,0,,0,
1563,23.8,0,,0,
1564,23.8,0,,0,
1565,23.8,0,,0,
1566,23.8,0,,0,
1567,23.8,0,,0,
1568,23.8,0,,0,
1569,23.9,0,,0,
1570,23.9,0,,0,
1571,23.9,0,,0,
1572,23.9,0,,0,
1573,23.9,0,,0,
1574,23.9,0,,0,
1575,24,0,,0,
1576,24,0,,0,
1577,24,0,,0,
1578,24,0,,0,
1579,24,0,,0,
1580,24,0,,0,
1581,24.1,0,,0,
1582,24.1,0,,0,
1583,24.1,0,,0,
1584,24.1,0,,0,
1585,24.1,0,,0,
1586,24.1,0,,0,
1587,24.1,0,,0,
1588,24.2,0,,0,
1589,24.2,0,,0,
1590,24.2,0,,0,
1591,24.2,0,,0,
1592,24.2,0,,0,
1593,24.2,0,,0,
1594,24.2,0,,0,
1595,24.2,0,,0,
1596,24.3,0,,0,
1597,24.3,0,,0,
1598,24.3,0,,0,
1599,24.3,0,,0,
1600,24.3,0,,0,
1601,24.3,0,,0,
1602,24.3,0,,0,
1603,24.3,0,,0,
1604,24.4,0,,0,
1605,24.4,0,,0,
1606,24.4,0,,0,
1607,24.4,0,,0,
1608,24.4,0,,0,
1609,24.4,0,,0,
1610,24.4,0,,0,
1611,24.4,0,,0,
1612,24.5,0,,0,
1613,24.5,0,,0,
1614,24.5,0,,0,
1615,24.5,0,,0,
1616,24.5,0,,0,
1617,24.5,0,,0,
1618,24.6,0,,0,
1619,24.6,0,,0,
1620,24.6,0,,0,
1621,24.6,0,,0,
1622,24.6,0,,0,
1623,24.6,0,,0,
1624,24.7,0,,0,
1625,24.7,0,,0,
1626,24.7,0,,0,
1627,24.7,0,,0,
1628,24.7,0,,0,
1629,24.8,0,,0,
1630,24.8,0,,0,
1631,24.8,0,,0,
1632,24.8,0,,0,
1633,24.8,0,,0,
1634,24.8,0,,0,
1635,24.8,0,,0,
1636,24.9,0,,0,
1637,24.9,0,,0,
1638,24.9,0,,0,
1639,24.9,0,,0,
1640,24.9,0,,0,
1641,24.9,0,,0,
1642,24.9,0,,0,
1643,25,0,,0,
1644,25,0,,0,
1645,25,0,,0,
1646,25,0,,0,
1647,25,0,,0,
1648,25,0,,0,
1649,25,0,,0,
1650,25.1,0,,0,
1651,25.1,0,,0,
1652,25.1,0,,0,
1653,25.1,0,,0,
1654,25.1,0,,0,
1655,25.1,0,,0,
1656,25.1,0,,0,
1657,25.1,0,,0,
1658,25.2,0,,0,
1659,25.2,0,,0,
1660,25.2,0,,0,
1661,25.2,0,,0,
1662,25.2,0,,0,
1663,25.2,0,,0,
1664,25.2,0,,0,
1665,25.3,0,,0,
1666,25.3,0,,0,
1667,25.3,0,,0,
1668,25.3,0,,0,
1669,25.3,0,,0,
1670,25.3,0,,0,
1671,25.3,0,,0,
1672,25.3,0,,0,
1673,25.4,0,,0,
1674,25.4,0,,0,
1675,25.4,0,,0,
1676,25.4,0,,0,
1677,25.4,0,,0,
1678,25.4,0,,0,
1679,25.5,0,,0,
1680,25.5,0,,0,
1681,25.5,0,,0,
1682,25.5,0,,0,
1683,25.5,0,,0,
1684,25.5,0,,0,
1685,25.6,0,,0,
1686,25.6,0,,0,
1687,25.6,0,,0,
1688,25.6,0,,0,
1689,25.6,0,,0,
1690,25.7,0,,0,
1691,25.7,0,,0,
1692,25.7,0,,0,
1693,25.7,0,,0,
1694,25.7,0,,0,
1695,25.7,0,,0,
1696,25.7,0,,0,
1697,25.8,0,,0,
1698,25.8,0,,0,
1699,25.8,0,,0,
1700,25.8,0,,0,
1701,25.8,0,,0,
1702,25.8,0,,0,
1703,25.8,0,,0,
1704,25.9,0,,0,
1705,25.9,0,,0,
1706,25.9,0,,0,
1707,25.9,0,,0,
1708,25.9,0,,0,
1709,25.9,0,,0,
1710,25.9,0,,0,
1711,25.9,0,,0,
1712,26,0,,0,
1713,26,0,,0,
1714,26,0,,0,
1715,26,0,,0,
1716,26,0,,0,
1717,26,0,,0,
1718,26,0,,0,
1719,26.1,0,,0,
1720,26.1,0,,0,
1721,26.1,0,,0,
1722,26.1,0,,0,
1723,26.1,0,,0,
1724,26.1,0,,0,
1725,26.1,0,,0,
1726,26.1,0,,0,
1727,26.2,0,,0,
1728,26.2,0,,0,
1729,26.2,0,,0,
1730,26.2,0,,0,
1731,26.2,0,,0,
1732,26.2,0,,0,
1733,26.2,0,,0,
1734,26.3,0,,0,
1735,26.3,0,,0,
1736,26.3,0,,0,
1737,26.3,0,,0,
1738,26.3,0,,0,
1739,26.3,0,,0,
1740,26.4,0,,0,
1741,26.4,0,,0,
1742,26.4,0,,0,
1743,26.4,0,,0,
1744,26.4,0,,0,
1745,26.4,0,,0,
1746,26.5,0,,0,
1747,26.5,0,,0,
1748,26.5,0,,0,
1749,26.5,0,,0,
1750,26.5,0,,0,
1751,26.5,0,,0,
1752,26.6,0,,0,
1753,26.6,0,,0,
1754,26.6,0,,0,
1755,26.6,0,,0,
1756,26.6,0,,0,
1757,26.6,0,,0,
1758,26.6,0,,0,
1759,26.7,0,,0,
1760,26.7,0,,0,
1761,26.7,0,,0,
1762,26.7,0,,0,
1763,26.7,0,,0,
1764,26.7,0,,0,
1765,26.7,0,,0,
1766,26.8,0,,0,
1767,26.8,0,,0,
1768,26.8,0,,0,
1769,26.8,0,,0,
1770,26.8,0,,0,
1771,26.8,0,,0,
1772,26.8,0,,0,
1773,26.9,0,,0,
1774,26.9,0,,0,
1775,26.9,0,,0,
1776,26.9,0,,0,
1777,26.9,0,,0,
1778,26.9,0,,0,
1779,26.9,0,,0,
1780,27,0,,0,
1781,27,0,,0,
1782,27,0,,0,
1783,27,0,,0,
1784,27,0,,0,
1785,27,0,,0,
1786,27,0,,0,
1787,27,0,,0,
1788,27,0,,0,
1789,27.1,0,,0,
1790,27.1,0,,0,
1791,27.1,0,,0,
1792,27.1,0,,0,
1793,27.1,0,,0,
1794,27.1,0,,0,
1795,27.1,0,,0,
1796,27.2,0,,0,
1797,27.2,0,,0,
1798,27.2,0,,0,
1799,27.2,0,,0,
1800,27.2,0,,0,
1801,27.2,0,,0,
1802,27.2,0,,0,
1803,27.3,0,,0,
1804,27.3,0,,0,
1805,27.3,0,,0,
1806,27.3,0,,0,
1807,27.4,0,,0,
1808,27.4,0,,0,
1809,27.4,0,,0,
1810,27.4,0,,0,
1811,27.4,0,,0,
1812,27.4,0,,0,
1813,27.5,0,,0,
1814,27.5,0,,0,
1815,27.5,0,,0,
1816,27.5,0,,0,
1817,27.5,0,,0,
1818,27.5,0,,0,
1819,27.5,0,,0,
1820,27.5,0,,0,
1821,27.6,0,,0,
1822,27.6,0,,0,
1823,27.6,0,,0,
1824,27.6,0,,0,
1825,27.6,0,,0,
1826,27.6,0,,0,
1827,27.6,0,,0,
1828,27.7,0,,0,
1829,27.7,0,,0,
1830,27.7,0,,0,
1831,27.7,0,,0,
1832,27.7,0,,0,
1833,27.7,0,,0,
1834,27.8,0,,0,
1835,27.8,0,,0,
1836,27.8,0,,0,
1837,27.8,0,,0,
1838,27.8,0,,0,
1839,27.8,0,,0,
1840,27.8,0,,0,
1841,27.8,0,,0,
1842,27.9,0,,0,
1843,27.9,0,,0,
1844,27.9,0,,0,
1845,27.9,0,,0,
1846,27.9,0,,0,
1847,27.9,0,,0,
1848,27.9,0,,0,
1849,27.9,0,,0,
1850,28,0,,0,
1851,28,0,,0,
1852,28,0,,0,
1853,28,0,,0,
1854,28,0,,0,
1855,28,0,,0,
1856,28,0,,0,
1857,28,0,,0,
1858,28,0,,0,
1859,28.1,0,,0,
1860,28.1,0,,0,
1861,28.1,0,,0,
1862,28.1,0,,0,
1863,28.1,0,,0,
1864,28.2,0,,0,
1865,28.2,0,,0,
1866,28.2,0,,0,
1867,28.2,0,,0,
1868,28.3,0,,0,
1869,28.3,0,,0,
1870,28.3,0,,0,
1871,28.3,0,,0,
1872,28.3,0,,0,
1873,28.3,0,,0,
1874,28.4,0,,0,
1875,28.4,0,,0,
1876,28.4,0,,0,
1877,28.4,0,,0,
1878,28.4,0,,0,
1879,28.4,0,,0,
1880,28.5,0,,0,
1881,28.5,0,,0,
1882,28.5,0,,0,
1883,28.5,0,,0,
1884,28.5,0,,0,
1885,28.5,0,,0,
1886,28.5,0,,0,
1887,28.5,0,,0,
1888,28.5,0,,0,
1889,28.6,0,,0,
1890,28.6,0,,0,
1891,28.6,0,,0,
1892,28.6,0,,0,
1893,28.6,0,,0,
1894,28.6,0,,0,
1895,28.6,0,,0,
1896,28.6,0,,0,
1897,28.7,0,,0,
1898,28.7,1,90,0,
1899,28.7,1,90,0,
1900,28.7,1,90,0,
1901,28.7,1,90,0,
1902,28.7,1,90,0,
1903,28.7,1,90,0,
1904,28.7,1,90,0,
1905,28.7,1,90,0,
1906,28.7,1,90,0,
1907,28.7,1,90,0,
1908,28.8,0,,0,
1909,28.8,0,,0,
1910,28.8,0,,0,
1911,28.8,0,,0,
1912,28.8,0,,0,
1913,28.8,0,,0,
1914,28.8,0,,0,
1915,28.8,0,,0,
1916,28.8,0,,0,
1917,28.8,0,,0,
1918,28.8,0,,0,
1919,28.8,0,,0,
1920,28.8,0,,0,
1921,28.8,0,,0,
1922,28.8,0,,0,
1923,28.9,0,,0,
1924,28.9,0,,0,
1925,28.9,0,,0,
1926,28.9,0,,0,
1927,28.9,0,,0,
1928,28.9,0,,0,
1929,28.9,0,,0,
1930,28.9,0,,0,
1931,28.9,0,,0,
1932,28.9,0,,0,
1933,29,0,,0,
1934,29,0,,0,
1935,29,0,,0,
1936,29,0,,0,
1937,29,0,,0,
1938,29,0,,0,
1939,29,0,,0,
1940,29,0,,0,
1941,29,0,,0,
1942,29,0,,0,
1943,29,0,,0,
1944,29.1,0,,0,
1945,29.1,0,,0,
1946,29.1,0,,0,
1947,29.1,0,,0,
1948,29.1,0,,0,
1949,29.1,0,,0,
1950,29.2,0,,0,
1951,29.2,0,,0,
1952,29.2,0,,0,
1953,29.2,0,,0,
1954,29.2,0,,0,
1955,29.2,0,,0,
1956,29.3,0,,0,
1957,29.3,0,,0,
1958,29.3,0,,0,
1959,29.3,0,,0,
1960,29.3,0,,0,
1961,29.4,0,,0,
1962,29.4,0,,0,
1963,29.4,0,,0,
1964,29.4,0,,0,
1965,29.4,0,,0,
1966,29.4,0,,0,
1967,29.5,0,,0,
1968,29.5,0,,0,
1969,29.5,0,,0,
1970,29.5,0,,0,
1971,29.5,0,,0,
1972,29.5,0,,0,
1973,29.5,0,,0,
1974,29.6,0,,0,
1975,29.6,0,,0,
1976,29.6,0,,0,
1977,29.6,0,,0,
1978,29.6,0,,0,
1979,29.6,0,,0,
1980,29.6,0,,0,
1981,29.7,0,,0,
1982,29.7,0,,0,
1983,29.7,0,,0,
1984,29.7,0,,0,
1985,29.7,0,,0,
1986,29.7,0,,0,
1987,29.7,0,,0,
1988,29.7,0,,0,
1989,29.8,0,,0,
1990,29.8,0,,0,
1991,29.8,0,,0,
1992,29.8,0,,0,
1993,29.8,0,,0,
1994,29.8,0,,0,
1995,29.9,0,,0,
1996,29.9,0,,0,
1997,29.9,0,,0,
1998,29.9,0,,0,
1999,29.9,0,,0,
2000,29.9,0,,0,
2001,29.9,0,,0,
2002,29.9,0,,0,
2003,30,0,,0,
2004,30,0,,0,
2005,30,0,,0,
2006,30,0,,0,
2007,30,0,,0,
2008,30,0,,0,
2009,30,0,,0,
2010,30.1,0,,0,
2011,30.1,0,,0,
2012,30.1,0,,0,
2013,30.1,0,,0,
2014,30.1,0,,0,
2015,30.2,0,,0,
2016,30.2,0,,0,
2017,30.2,0,,0,
2018,30.2,0,,0,
2019,30.3,0,,0,
2020,30.3,0,,0,
2021,30.3,0,,0,
2022,30.3,0,,0,
2023,30.4,0,,0,
2024,30.4,0,,0,
2025,30.4,0,,0,
2026,30.4,0,,0,
2027,30.4,0,,0,
2028,30.4,0,,0,
2029,30.5,0,,0,
2030,30.5,0,,0,
2031,30.5,0,,0,
2032,30.5,0,,0,
2033,30.5,0,,0,
2034,30.5,0,,0,
2035,30.6,0,,0,
2036,30.6,0,,0,
2037,30.6,0,,0,
2038,30.6,0,,0,
2039,30.6,0,,0,
2040,30.6,0,,0,
2041,30.7,0,,0,
2042,30.7,0,,0,
2043,30.7,0,,0,
2044,30.7,0,,0,
2045,30.7,0,,0,
2046,30.7,0,,0,
2047,30.8,0,,0,
2048,30.8,0,,0,
2049,30.8,0,,0,
2050,30.8,0,,0,
2051,30.8,0,,0,
2052,30.8,0,,0,
2053,30.8,0,,0,
2054,30.8,0,,0,
2055,30.9,0,,0,
2056,30.9,0,,0,
2057,30.9,0,,0,
2058,30.9,0,,0,
2059,30.9,0,,0,
2060,30.9,0,,0,
2061,30.9,0,,0,
2062,31,0,,0,
2063,31,0,,0,
2064,31,0,,0,
2065,31,0,,0,
2066,31,0,,0,
2067,31,0,,0,
2068,31,0,,0,
2069,31,0,,0,
2070,31.1,0,,0,
2071,31.1,0,,0,
2072,31.1,0,,0,
2073,31.1,0,,0,
2074,31.1,0,,0,
2075,31.1,0,,0,
2076,31.1,0,,0,
2077,31.2,0,,0,
2078,31.2,0,,0,
2079,31.2,0,,0,
2080,31.2,0,,0,
2081,31.2,0,,0,
2082,31.2,0,,0,
2083,31.2,0,,0,
2084,31.2,0,,0,
2085,31.3,0,,0,
2086,31.3,0,,0,
2087,31.3,0,,0,
2088,31.3,0,,0,
2089,31.3,0,,0,
2090,31.3,0,,0,
2091,31.3,0,,0,
2092,31.3,0,,0,
2093,31.3,0,,0,
2094,31.4,0,,0,
2095,31.4,0,,0,
2096,31.4,0,,0,
2097,31.4,0,,0,
2098,31.4,0,,0,
2099,31.4,0,,0,
2100,31.4,0,,0,
2101,31.4,0,,0,
2102,31.4,0,,0,
2103,31.4,0,,0,
2104,31.5,0,,0,
2105,31.5,0,,0,
2106,31.5,0,,0,
2107,31.5,0,,0,
2108,31.5,0,,0,
2109,31.5,0,,0,
2110,31.5,0,,0,
2111,31.5,0,,0,
2112,31.5,0,,0,
2113,31.5,0,,0,
2114,31.5,0,,0,
2115,31.5,0,,0,
2116,31.6,0,,0,
2117,31.6,0,,0,
2118,31.6,0,,0,
2119,31.6,0,,0,
2120,31.6,0,,0,
2121,31.6,0,,0,
2122,31.6,0,,0,
2123,31.6,0,,0,
2124,31.6,0,,0,
2125,31.6,0,,0,
2126,31.6,0,,0,
2127,31.6,0,,0,
2128,31.6,0,,0,
2129,31.6,0,,0,
2130,31.6,0,,0,
2131,31.6,0,,0,
2132,31.6,0,,0,
2133,31.6,0,,0,
2134,31.7,0,,0,
2135,31.7,0,,0,
2136,31.7,0,,0,
2137,31.7,0,,0,
2138,31.7,0,,0,
2139,31.7,0,,0,
2140,31.7,0,,0,
2141,31.7,0,,0,
2142,31.7,0,,0,
2143,31.7,0,,0,
2144,31.7,0,,0,
2145,31.7,0,,0,
2146,31.7,0,,0,
2147,31.7,0,,0,
2148,31.7,0,,0,
2149,31.7,0,,0,
2150,31.7,0,,0,
2151,31.8,0,,0,
2152,31.8,0,,0,
2153,31.8,0,,0,
2154,31.8,0,,0,
2155,31.8,0,,0,
2156,31.8,0,,0,
2157,31.8,0,,0,
2158,31.8,0,,0,
2159,31.8,0,,0,
2160,31.8,0,,0,
2161,31.8,0,,0,
2162,31.8,0,,0,
2163,31.8,0,,0,
2164,31.8,0,,0,
2165,31.8,0,,0,
2166,31.8,0,,0,
2167,31.8,0,,0,
2168,31.8,0,,0,
2169,31.9,0,,0,
2170,31.9,0,,0,
2171,31.9,0,,0,
2172,31.9,0,,0,
2173,31.9,0,,0,
2174,31.9,0,,0,
2175,31.9,0,,0,
2176,31.9,0,,0,
2177,31.9,0,,0,
2178,32,0,,0,
2179,32,0,,0,
2180,32,0,,0,
2181,32,0,,0,
2182,32,0,,0,
2183,32,0,,0,
2184,32,0,,0,
2185,32,0,,0,
2186,32,0,,0,
2187,32,0,,0,
2188,32,0,,0,
2189,32,0,,0,
2190,32,0,,0,
2191,32.1,0,,0,
2192,32.1,0,,0,
2193,32.1,0,,0,
2194,32.1,0,,0,
2195,32.1,0,,0,
2196,32.1,0,,0,
2197,32.1,0,,0,
2198,32.1,0,,0,
2199,32.1,0,,0,
2200,32.1,0,,0,
2201,32.1,0,,0,
2202,32.2,0,,0,
2203,32.2,0,,0,
2204,32.2,0,,0,
2205,32.2,0,,0,
2206,32.2,0,,0,
2207,32.2,0,,0,
2208,32.2,0,,0,
2209,32.2,0,,0,
2210,32.2,0,,0,
2211,32.2,0,,0,
2212,32.2,0,,0,
2213,32.2,0,,0,
2214,32.2,0,,0,
2215,32.2,0,,0,
2216,32.2,0,,0,
2217,32.2,0,,0,
2218,32.3,0,,0,
2219,32.3,0,,0,
2220,32.3,0,,0,
2221,32.3,0,,0,
2222,32.3,0,,0,
2223,32.3,0,,0,
2224,32.3,0,,0,
2225,32.3,0,,0,
2226,32.3,0,,0,
2227,32.3,0,,0,
2228,32.3,0,,0,
2229,32.3,0,,0,
2230,32.3,0,,0,
2231,32.3,0,,0,
2232,32.3,0,,0,
2233,32.3,0,,0,
2234,32.3,0,,0,
2235,32.3,0,,0,
2236,32.3,0,,0,
2237,32.3,0,,0,
2238,32.3,0,,0,
2239,32.3,0,,0,
2240,32.3,0,,0,
2241,32.3,0,,0,
2242,32.3,0,,0,
2243,32.3,0,,0,
2244,32.3,0,,0,
2245,32.3,0,,0,
2246,32.3,0,,0,
2247,32.3,0,,0,
2248,32.3,0,,0,
2249,32.3,0,,0,
2250,32.3,0,,0,
2251,32.3,0,,0,
2252,32.3,0,,0,
2253,32.3,0,,0,
2254,32.3,0,,0,
2255,32.3,0,,0,
2256,32.3,0,,0,
2257,32.3,0,,0,
2258,32.3,0,,0,
2259,32.3,0,,0,
2260,32.4,0,,0,
2261,32.4,0,,1,270
2262,32.4,0,,1,270
2263,32.4,0,,1,270
2264,32.4,0,,1,270
2265,32.4,0,,1,270
2266,32.4,0,,1,270
2267,32.4,0,,1,270
2268,32.4,0,,1,270
2269,32.4,0,,1,270
2270,32.4,0,,1,270
2271,32.4,0,,1,270
2272,32.4,0,,1,270
2273,32.4,0,,1,270
2274,32.4,0,,1,270
2275,32.4,0,,1,270
2276,32.5,0,,1,270
2277,32.5,0,,1,270
2278,32.5,0,,1,270
2279,32.5,0,,1,270
2280,32.5,0,,1,270
2281,32.5,0,,1,270
2282,32.5,0,,1,270
2283,32.5,0,,1,270
2284,32.5,0,,1,270
2285,32.5,0,,1,270
2286,32.6,0,,1,270
2287,32.6,0,,1,270
2288,32.6,0,,1,270
2289,32.6,0,,1,270
2290,32.6,0,,1,270
2291,32.6,0,,1,270
2292,32.6,0,,1,270
2293,32.7,0,,1,270
2294,32.7,0,,1,270
2295,32.7,0,,1,270
2296,32.7,0,,1,270
2297,32.7,0,,1,270
2298,32.7,0,,1,270
2299,32.7,0,,1,270
2300,32.7,0,,1,270
2301,32.7,0,,1,270
2302,32.7,0,,1,270
2303,32.7,0,,1,270
2304,32.7,0,,1,270
2305,32.7,0,,1,270
2306,32.8,0,,1,270
2307,32.8,0,,1,270
2308,32.8,0,,1,270
2309,32.8,0,,1,270
2310,32.8,0,,1,270
2311,32.8,0,,1,270
2312,32.8,0,,1,270
2313,32.8,0,,1,270
2314,32.8,0,,1,270
2315,32.8,0,,1,270
2316,32.8,0,,1,270
2317,32.8,0,,1,270
2318,32.8,0,,1,270
2319,32.8,0,,1,270
2320,32.8,0,,1,270
2321,32.8,0,,1,270
2322,32.8,0,,1,270
2323,32.8,0,,1,270
2324,32.8,0,,1,270
2325,32.9,0,,1,270
2326,32.9,0,,1,270
2327,32.9,0,,1,270
2328,32.9,0,,1,270
2329,32.9,0,,1,270
2330,32.9,0,,1,270
2331,32.9,0,,1,270
2332,32.9,0,,1,270
2333,32.9,0,,1,270
2334,32.9,0,,1,270
2335,33,0,,1,270
2336,33,0,,1,270
2337,33,0,,1,270
2338,33,0,,1,270
2339,33,0,,1,270
2340,33,0,,1,270
2341,33,0,,1,270
2342,33,0,,1,270
2343,33,0,,1,270
2344,33,0,,1,270
2345,33,0,,1,270
2346,33,0,,1,270
2347,33,0,,1,270
2348,33,0,,1,270
2349,33,0,,1,270
2350,33,0,,1,270
2351,33,0,,1,270
2352,33,0,,1,270
2353,33,0,,1,270
2354,33,0,,1,270
2355,33,0,,1,270
2356,33,0,,1,270
2357,33,0,,1,270
2358,33,0,,1,270
2359,33,0,,1,270
2360,33.1,0,,1,270
2361,33.1,0,,1,270
2362,33.1,0,,1,270
2363,33.1,0,,1,270
2364,33.1,0,,1,270
2365,33.1,0,,1,270
2366,33.1,0,,1,270
2367,33.1,0,,1,270
2368,33.1,0,,1,270
2369,33.1,0,,1,270
2370,33.1,0,,1,270
2371,33.2,0,,1,270
2372,33.2,0,,1,270
2373,33.2,0,,1,270
2374,33.2,0,,1,270
2375,33.2,0,,1,270
2376,33.2,0,,1,270
2377,33.2,0,,1,270
2378,33.2,0,,1,270
2379,33.2,0,,1,270
2380,33.2,0,,1,270
2381,33.2,0,,1,270
2382,33.2,0,,1,270
2383,33.2,0,,1,270
2384,33.2,0,,1,270
2385,33.2,0,,1,270
2386,33.2,0,,1,270
2387,33.2,0,,1,270
2388,33.3,0,,1,270
2389,33.3,0,,1,270
2390,33.3,0,,1,270
2391,33.3,0,,1,270
2392,33.3,0,,1,270
2393,33.3,0,,1,270
2394,33.3,0,,1,270
2395,33.3,0,,1,270
2396,33.3,0,,1,270
2397,33.3,0,,1,270
2398,33.3,0,,1,270
2399,33.3,0,,1,270
2400,33.3,0,,1,270
2401,33.3,0,,1,270
2402,33.3,0,,1,270
2403,33.3,0,,1,270
2404,33.3,0,,1,270
2405,33.4,0,,1,270
2406,33.4,0,,1,270
2407,33.4,0,,1,270
2408,33.4,0,,1,270
2409,33.4,0,,1,270
2410,33.4,0,,1,270
2411,33.4,0,,1,270
2412,33.4,0,,1,270
2413,33.4,0,,1,270
2414,33.4,0,,1,270
2415,33.5,0,,1,270
2416,33.5,0,,1,270
2417,33.5,0,,1,270
2418,33.5,0,,1,270
2419,33.5,0,,1,270
2420,33.5,0,,1,270
2421,33.5,0,,1,270
2422,33.5,0,,1,270
2423,33.5,0,,1,270
2424,33.5,0,,1,270
2425,33.5,0,,1,270
2426,33.5,0,,1,270
2427,33.5,0,,1,270
2428,33.6,0,,1,270
2429,33.6,0,,1,270
2430,33.6,0,,1,270
2431,33.6,0,,0,
2432,33.6,0,,0,
2433,33.6,0,,0,
2434,33.6,0,,0,
2435,33.6,0,,0,
2436,33.6,0,,0,
2437,33.6,0,,0,
2438,33.6,0,,0,
2439,33.7,0,,0,
2440,33.7,0,,0,
2441,33.7,0,,0,
2442,33.7,0,,0,
2443,33.7,0,,0,
2444,33.7,0,,0,
2445,33.7,0,,0,
2446,33.7,0,,0,
2447,33.7,0,,0,
2448,33.8,0,,0,
2449,33.8,0,,0,
2450,33.8,0,,0,
2451,33.8,0,,0,
2452,33.8,0,,0,
2453,33.8,0,,0,
2454,33.8,0,,0,
2455,33.8,0,,0,
2456,33.8,0,,0,
2457,33.8,0,,0,
2458,33.8,0,,0,
2459,33.8,0,,0,
2460,33.8,0,,0,
2461,33.8,0,,0,
2462,33.9,0,,0,
2463,33.9,0,,0,
2464,33.9,0,,0,
2465,33.9,0,,0,
2466,33.9,0,,0,
2467,33.9,0,,0,
2468,33.9,0,,0,
2469,33.9,0,,0,
2470,33.9,0,,0,
2471,33.9,0,,0,
2472,33.9,0,,0,
2473,34,0,,0,
2474,34,0,,0,
2475,34,0,,0,
2476,34,0,,0,
2477,34,0,,0,
2478,34,0,,0,
2479,34,0,,0,
2480,34,0,,0,
2481,34,0,,0,
2482,34,0,,0,
2483,34.1,0,,0,
2484,34.1,0,,0,
2485,34.1,0,,0,
2486,34.1,0,,0,
2487,34.1,0,,0,
2488,34.1,0,,0,
2489,34.1,0,,0,
2490,34.1,0,,0,
2491,34.1,0,,0,
2492,34.2,0,,0,
2493,34.2,0,,0,
2494,34.2,0,,0,
2495,34.2,0,,0,
2496,34.2,0,,0,
2497,34.2,0,,0,
2498,34.2,0,,0,
2499,34.2,0,,0,
2500,34.2,0,,0,
2501,34.2,0,,0,
2502,34.2,0,,0,
2503,34.3,0,,0,
2504,34.3,0,,0,
2505,34.3,0,,0,
2506,34.3,0,,0,
2507,34.3,0,,0,
2508,34.3,0,,0,
2509,34.3,0,,0,
2510,34.3,0,,0,
2511,34.3,0,,0,
2512,34.3,0,,0,
2513,34.4,0,,0,
2514,34.4,0,,0,
2515,34.4,0,,0,
2516,34.4,0,,0,
2517,34.4,0,,0,
2518,34.4,0,,0,
2519,34.5,0,,0,
2520,34.5,0,,0,
2521,34.5,0,,0,
2522,34.5,0,,0,
2523,34.5,0,,0,
2524,34.5,0,,0,
2525,34.5,0,,0,
2526,34.5,0,,0,
2527,34.6,0,,0,
2528,34.6,0,,0,
2529,34.6,0,,0,
2530,34.6,0,,0,
2531,34.6,0,,0,
2532,34.6,0,,0,
2533,34.6,0,,0,
2534,34.7,0,,0,
2535,34.7,0,,0,
2536,34.7,0,,0,
2537,34.7,0,,0,
2538,34.7,0,,0,
2539,34.7,0,,0,
2540,34.7,0,,0,
2541,34.7,0,,0,
2542,34.8,0,,0,
2543,34.8,0,,0,
2544,34.8,0,,0,
2545,34.8,0,,0,
2546,34.8,0,,0,
2547,34.8,0,,0,
2548,34.8,0,,0,
2549,34.8,0,,0,
2550,34.8,0,,0,
2551,34.8,0,,0,
2552,34.9,0,,0,
2553,34.9,0,,0,
2554,34.9,0,,0,
2555,34.9,0,,0,
2556,34.9,0,,0,
2557,34.9,0,,0,
2558,34.9,0,,0,
2559,35,0,,0,
2560,35,0,,0,
2561,35,0,,0,
2562,35,0,,0,
2563,35,0,,0,
2564,35,0,,0,
2565,35,0,,0,
2566,35,0,,0,
2567,35,0,,0,
2568,35,0,,0,
2569,35.1,0,,0,
2570,35.1,0,,0,
2571,35.1,0,,0,
2572,35.1,0,,0,
2573,35.1,0,,0,
2574,35.1,0,,0,
2575,35.1,0,,0,
2576,35.1,0,,0,
2577,35.2,0,,0,
2578,35.2,0,,0,
2579,35.2,0,,0,
2580,35.2,0,,0,
2581,35.2,0,,0,
2582,35.2,0,,0,
2583,35.2,0,,0,
2584,35.2,0,,0,
2585,35.3,0,,0,
2586,35.3,0,,0,
2587,35.3,0,,0,
2588,35.3,0,,0,
2589,35.3,0,,0,
2590,35.3,0,,0,
2591,35.3,0,,0,
2592,35.3,0,,0,
2593,35.4,0,,0,
2594,35.4,0,,0,
2595,35.4,0,,0,
2596,35.4,0,,0,
2597,35.4,0,,0,
2598,35.4,0,,0,
2599,35.4,0,,0,
2600,35.5,0,,0,
2601,35.5,0,,0,
2602,35.5,0,,0,
2603,35.5,0,,0,
2604,35.5,0,,0,
2605,35.5,0,,0,
2606,35.5,0,,0,
2607,35.6,0,,0,
2608,35.6,0,,0,
2609,35.6,0,,0,
2610,35.6,0,,0,
2611,35.6,0,,0,
2612,35.6,0,,0,
2613,35.6,0,,0,
2614,35.7,0,,0,
2615,35.7,0,,0,
2616,35.7,0,,0,
2617,35.7,0,,0,
2618,35.7,0,,0,
2619,35.7,0,,0,
2620,35.7,0,,0,
2621,35.7,0,,0,
2622,35.8,0,,0,
2623,35.8,0,,0,
2624,35.8,0,,0,
2625,35.8,0,,0,
2626,35.8,0,,0,
2627,35.8,0,,0,
2628,35.8,0,,0,
2629,35.8,0,,0,
2630,35.8,0,,0,
2631,36,0,,0,
2632,36,0,,0,
2633,36,0,,0,
2634,36,0,,0,
2635,36,0,,0,
2636,36,0,,0,
2637,36,0,,0,
2638,36,0,,0,
2639,36,0,,0,
2640,36,0,,0,
2641,36,0,,0,
2642,36,0,,0,
2643,36,0,,0,
2644,36,0,,0,
2645,36,0,,0,
2646,36,0,,0,
2647,36.1,0,,0,
2648,36.1,0,,0,
2649,36.1,0,,0,
2650,36.1,0,,0,
2651,36.1,0,,0,
2652,36.1,0,,0,
2653,36.1,0,,0,
2654,36.1,0,,0,
2655,36.2,0,,0,
2656,36.2,0,,0,
2657,36.2,0,,0,
2658,36.2,0,,0,
2659,36.2,0,,0,
2660,36.2,0,,0,
2661,36.2,0,,0,
2662,36.3,0,,0,
2663,36.3,0,,0,
2664,36.3,0,,0,
2665,36.3,0,,0,
2666,36.3,0,,0,
2667,36.3,0,,0,
2668,36.3,0,,0,
2669,36.3,0,,0,
2670,36.4,0,,0,
2671,36.4,0,,0,
2672,36.4,0,,0,
2673,36.4,0,,0,
2674,36.4,0,,0,
2675,36.4,0,,0,
2676,36.5,0,,0,
2677,36.5,0,,0,
2678,36.5,0,,0,
2679,36.5,0,,0,
2680,36.5,0,,0,
2681,36.5,0,,0,
2682,36.5,0,,0,
2683,36.5,0,,0,
2684,36.6,0,,0,
2685,36.6,0,,0,
2686,36.6,0,,0,
2687,36.6,0,,0,
2688,36.6,0,,0,
2689,36.6,0,,0,
2690,36.6,0,,0,
2691,36.7,0,,0,
2692,36.7,0,,0,
2693,36.7,0,,0,
2694,36.7,0,,0,
2695,36.7,0,,0,
2696,36.7,0,,0,
2697,36.7,0,,0,
2698,36.7,0,,0,
2699,36.8,0,,0,
2700,36.8,0,,0,
2701,36.8,0,,0,
2702,36.8,0,,0,
2703,36.8,0,,0,
2704,36.8,0,,0,
2705,36.8,0,,0,
2706,36.8,0,,0,
2707,36.8,0,,0,
2708,36.9,0,,0,
2709,36.9,0,,0,
2710,36.9,0,,0,
2711,36.9,0,,0,
2712,36.9,0,,0,
2713,36.9,0,,0,
2714,36.9,0,,0,
2715,37,0,,0,
2716,37,0,,0,
2717,37,0,,0,
2718,37,0,,0,
2719,37,0,,0,
2720,37,0,,0,
2721,37,0,,0,
2722,37,0,,0,
2723,37,0,,0,
2724,37.1,0,,0,
2725,37.1,0,,0,
2726,37.1,0,,0,
2727,37.1,0,,0,
2728,37.1,0,,0,
2729,37.1,0,,0,
2730,37.2,0,,0,
2731,37.2,0,,0,
2732,37.2,0,,0,
2733,37.2,0,,0,
2734,37.2,0,,0,
2735,37.2,0,,0,
2736,37.2,0,,0,
2737,37.3,0,,0,
2738,37.3,0,,0,
2739,37.3,0,,0,
2740,37.3,0,,0,
2741,37.3,0,,0,
2742,37.3,0,,0,
2743,37.3,0,,0,
2744,37.4,0,,0,
2745,37.4,0,,0,
2746,37.4,0,,0,
2747,37.4,0,,0,
2748,37.4,0,,0,
2749,37.4,0,,0,
2750,37.5,0,,0,
2751,37.5,0,,0,
2752,37.5,0,,0,
2753,37.5,0,,0,
2754,37.5,0,,0,
2755,37.5,0,,0,
2756,37.5,0,,0,
2757,37.5,0,,0,
2758,37.5,0,,0,
2759,37.6,0,,0,
2760,37.6,0,,0,
2761,37.6,0,,0,
2762,37.6,0,,0,
2763,37.6,0,,0,
2764,37.6,0,,0,
2765,37.6,0,,0,
2766,37.7,0,,0,
2767,37.7,0,,0,
2768,37.7,0,,0,
2769,37.7,0,,0,
2770,37.7,0,,0,
2771,37.7,0,,0,
2772,37.7,0,,0,
2773,37.7,0,,0,
2774,37.8,1,90,0,
2775,37.8,1,90,0,
2776,37.8,1,90,0,
2777,37.8,1,90,0,
2778,37.8,1,90,0,
2779,37.8,1,90,0,
2780,37.8,1,90,0,
2781,37.8,1,90,0,
2782,37.8,1,90,0,
2783,37.8,1,90,0,
2784,37.9,0,,0,
2785,37.9,0,,0,
2786,37.9,0,,0,
2787,37.9,0,,0,
2788,37.9,0,,0,
2789,37.9,0,,0,
2790,37.9,0,,0,
2791,38,0,,0,
2792,38,0,,0,
2793,38,0,,0,
2794,38,0,,0,
2795,38,0,,0,
2796,38,0,,0,
2797,38,0,,0,
2798,38.1,0,,0,
2799,38.1,0,,0,
2800,38.1,0,,0,
2801,38.1,0,,0,
2802,38.1,0,,0,
2803,38.1,0,,0,
2804,38.2,0,,0,
2805,38.2,0,,0,
2806,38.2,0,,0,
2807,38.2,0,,0,
2808,38.2,0,,0,
2809,38.2,0,,0,
2810,38.2,0,,0,
2811,38.3,0,,0,
2812,38.3,0,,0,
2813,38.3,0,,0,
2814,38.3,0,,0,
2815,38.3,0,,0,
2816,38.3,0,,0,
2817,38.3,0,,0,
2818,38.3,0,,0,
2819,38.4,0,,0,
2820,38.4,0,,0,
2821,38.4,0,,0,
2822,38.4,0,,0,
2823,38.4,0,,0,
2824,38.4,0,,0,
2825,38.4,0,,0,
2826,38.5,0,,0,
2827,38.5,0,,0,
2828,38.5,0,,0,
2829,38.5,0,,0,
2830,38.5,0,,0,
2831,38.5,0,,0,
2832,38.5,0,,0,
2833,38.5,0,,0,
2834,38.6,0,,0,
2835,38.6,0,,0,
2836,38.6,0,,0,
2837,38.6,0,,0,
2838,38.6,0,,0,
2839,38.6,0,,0,
2840,38.6,0,,0,
2841,38.6,0,,0,
2842,38.6,0,,0,
2843,38.7,0,,0,
2844,38.7,0,,0,
2845,38.7,0,,0,
2846,38.7,0,,0,
2847,38.7,0,,0,
2848,38.7,0,,0,
2849,38.7,0,,0,
2850,38.7,0,,0,
2851,38.8,0,,0,
2852,38.8,0,,0,
2853,38.8,0,,0,
2854,38.8,0,,0,
2855,38.8,0,,0,
2856,38.8,0,,0,
2857,38.9,0,,0,
2858,38.9,0,,0,
2859,38.9,0,,0,
2860,38.9,0,,0,
2861,38.9,0,,0,
2862,38.9,0,,0,
2863,39,0,,0,
2864,39,0,,0,
2865,39,0,,0,
2866,39,0,,0,
2867,39,0,,0,
2868,39,0,,0,
2869,39.1,0,,0,
2870,39.1,0,,0,
2871,39.1,0,,0,
2872,39.1,0,,0,
2873,39.1,0,,0,
2874,39.2,0,,0,
2875,39.2,0,,0,
2876,39.2,0,,0,
2877,39.2,0,,0,
2878,39.2,0,,0,
2879,39.2,0,,0,
2880,39.3,0,,0,
2881,39.3,0,,0,
2882,39.3,0,,0,
2883,39.3,0,,0,
2884,39.3,0,,0,
2885,39.3,0,,0,
2886,39.4,0,,0,
2887,39.4,0,,0,
2888,39.4,0,,0,
2889,39.4,0,,0,
2890,39.4,0,,0,
2891,39.4,0,,0,
2892,39.5,0,,0,
2893,39.5,0,,0,
2894,39.5,0,,0,
2895,39.5,0,,0,
2896,39.5,0,,0,
2897,39.5,0,,0,
2898,39.5,0,,0,
2899,39.5,0,,0,
2900,39.5,0,,0,
2901,39.6,0,,0,
2902,39.6,0,,0,
2903,39.6,0,,0,
2904,39.6,0,,0,
2905,39.6,0,,0,
2906,39.6,0,,0,
2907,39.7,0,,0,
2908,39.7,0,,0,
2909,39.7,0,,0,
2910,39.7,0,,0,
2911,39.7,0,,0,
2912,39.7,0,,0,
2913,39.7,0,,0,
2914,39.8,0,,0,
2915,39.8,0,,0,
2916,39.8,0,,0,
2917,39.8,0,,0,
2918,39.8,0,,0,
2919,39.8,0,,0,
2920,39.9,0,,0,
2921,39.9,0,,0,
2922,39.9,0,,0,
2923,39.9,0,,0,
2924,40,0,,0,
2925,40,0,,0,
2926,40,0,,0,
2927,40,0,,0,
2928,40,0,,0,
2929,40.1,0,,0,
2930,40.1,0,,0,
2931,40.1,0,,0,
2932,40.1,0,,0,
2933,40.1,0,,0,
2934,40.2,0,,0,
2935,40.2,0,,0,
2936,40.2,0,,0,
2937,40.2,0,,0,
2938,40.2,0,,0,
2939,40.2,0,,0,
2940,40.2,0,,0,
2941,40.3,1,80,0,
2942,40.3,1,80,0,
2943,40.3,1,80,0,
2944,40.3,1,80,0,
2945,40.3,1,80,0,
2946,40.3,1,80,0,
2947,40.3,1,80,0,
2948,40.3,1,80,0,
2949,40.4,0,,0,
2950,40.4,0,,0,
2951,40.4,0,,0,
2952,40.4,0,,0,
2953,40.4,0,,0,
2954,40.4,0,,0,
2955,40.4,0,,0,
2956,40.5,0,,0,
2957,40.5,0,,0,
2958,40.5,0,,0,
2959,40.5,0,,0,
2960,40.5,0,,0,
2961,40.5,0,,0,
2962,40.5,0,,0,
2963,40.5,0,,0,
2964,40.6,0,,0,
2965,40.6,0,,0,
2966,40.6,0,,0,
2967,40.6,0,,0,
2968,40.6,0,,0,
2969,40.7,0,,0,
2970,40.7,0,,0,
2971,40.7,0,,0,
2972,40.7,0,,0,
2973,40.7,0,,0,
2974,40.7,0,,0,
2975,40.8,0,,0,
2976,40.8,0,,0,
2977,40.8,0,,0,
2978,40.8,0,,0,
2979,40.8,0,,0,
2980,40.9,0,,0,
2981,40.9,0,,0,
2982,40.9,0,,0,
2983,40.9,0,,0,
2984,40.9,0,,0,
2985,41,0,,0,
2986,41,0,,0,
2987,41,0,,0,
2988,41,0,,0,
2989,41,0,,0,
2990,41,0,,0,
2991,41.1,0,,0,
2992,41.1,0,,0,
2993,41.1,0,,0,
2994,41.1,0,,0,
2995,41.1,0,,0,
2996,41.1,0,,0,
2997,41.1,0,,0,
2998,41.2,0,,0,
2999,41.2,0,,0,
3000,41.2,0,,0,
3001,41.2,0,,0,
3002,41.2,0,,0,
3003,41.2,0,,0,
3004,41.2,0,,0,
3005,41.3,0,,0,
3006,41.3,0,,0,
3007,41.3,0,,0,
3008,41.3,0,,0,
3009,41.3,0,,0,
3010,41.3,0,,0,
3011,41.3,0,,0,
3012,41.3,0,,0,
3013,41.4,0,,0,
3014,41.4,0,,0,
3015,41.4,0,,0,
3016,41.4,0,,0,
3017,41.4,0,,0,
3018,41.4,0,,0,
3019,41.4,0,,0,
3020,41.5,0,,0,
3021,41.5,0,,0,
3022,41.5,0,,0,
3023,41.5,0,,0,
3024,41.5,0,,0,
3025,41.6,0,,0,
3026,41.6,0,,0,
3027,41.6,0,,0,
3028,41.6,0,,0,
3029,41.6,0,,0,
3030,41.7,0,,0,
3031,41.7,0,,0,
3032,41.7,0,,0,
3033,41.7,0,,0,
3034,41.7,0,,0,
3035,41.8,0,,0,
3036,41.8,0,,0,
3037,41.8,0,,0,
3038,41.8,0,,0,
3039,41.8,0,,0,
3040,41.8,0,,0,
3041,41.9,0,,0,
3042,41.9,0,,0,
3043,41.9,0,,0,
3044,41.9,0,,0,
3045,41.9,0,,0,
3046,42,0,,0,
3047,42,0,,0,
3048,42,0,,0,
3049,42,0,,0,
3050,42,0,,0,
3051,42,0,,0,
3052,42,0,,0,
3053,42,0,,0,
3054,42.1,0,,0,
3055,42.1,0,,0,
3056,42.1,0,,0,
3057,42.1,0,,0,
3058,42.1,0,,0,
3059,42.1,0,,0,
3060,42.1,0,,0,
3061,42.2,0,,0,
3062,42.2,0,,0,
3063,42.2,0,,0,
3064,42.2,0,,0,
3065,42.2,0,,0,
3066,42.2,0,,0,
3067,42.2,0,,0,
3068,42.3,0,,0,
3069,42.3,0,,0,
3070,42.3,0,,0,
3071,42.3,0,,0,
3072,42.3,0,,0,
3073,42.3,0,,0,
3074,42.3,0,,0,
3075,42.4,0,,1,270
3076,42.4,0,,1,270
3077,42.4,0,,1,270
3078,42.4,0,,1,270
3079,42.4,0,,1,270
3080,42.4,0,,1,270
3081,42.5,0,,1,270
3082,42.5,0,,1,270
3083,42.5,0,,1,270
3084,42.5,0,,1,270
3085,42.6,1,80,1,270
3086,42.6,1,80,1,270
3087,42.6,1,80,1,270
3088,42.6,1,80,1,270
3089,42.6,1,80,1,270
3090,42.7,0,,1,270
3091,42.7,0,,1,270
3092,42.7,0,,1,270
3093,42.7,0,,1,270
3094,42.7,0,,1,270
3095,42.8,0,,1,270
3096,42.8,0,,1,270
3097,42.8,0,,1,270
3098,42.8,0,,1,270
3099,42.8,0,,1,270
3100,42.8,0,,1,270
3101,42.8,0,,1,270
3102,42.9,0,,1,270
3103,42.9,0,,1,270
3104,42.9,0,,1,270
3105,42.9,0,,1,270
3106,42.9,0,,1,270
3107,42.9,0,,1,270
3108,43,0,,1,270
3109,43,0,,1,270
3110,43,0,,1,270
3111,43,0,,1,270
3112,43,0,,1,270
3113,43,0,,1,270
3114,43,0,,1,270
3115,43,0,,1,270
3116,43.1,0,,1,270
3117,43.1,0,,1,270
3118,43.1,0,,1,270
3119,43.1,0,,1,270
3120,43.1,0,,1,270
3121,43.1,0,,1,270
3122,43.1,0,,1,270
3123,43.2,0,,1,270
3124,43.2,0,,1,270
3125,43.2,0,,1,270
3126,43.2,0,,1,270
3127,43.2,0,,1,270
3128,43.2,0,,1,270
3129,43.2,0,,1,270
3130,43.3,0,,1,270
3131,43.3,0,,1,270
3132,43.3,0,,1,270
3133,43.3,0,,1,270
3134,43.3,0,,1,270
3135,43.4,0,,1,270
3136,43.4,0,,1,270
3137,43.4,0,,1,270
3138,43.4,0,,1,270
3139,43.5,0,,1,270
3140,43.5,0,,1,270
3141,43.5,0,,1,270
3142,43.5,0,,1,270
3143,43.5,0,,1,270
3144,43.6,0,,1,270
3145,43.6,0,,1,270
3146,43.6,0,,1,270
3147,43.6,0,,1,270
3148,43.6,0,,1,270
3149,43.6,0,,1,270
3150,43.6,0,,1,270
3151,43.7,0,,1,270
3152,43.7,0,,1,270
3153,43.7,0,,1,270
3154,43.7,0,,1,270
3155,43.7,0,,1,270
3156,43.7,0,,1,270
3157,43.7,0,,1,270
3158,43.8,0,,1,270
3159,43.8,0,,1,270
3160,43.8,0,,1,270
3161,43.8,0,,1,270
3162,43.8,0,,1,270
3163,43.8,0,,1,270
3164,43.8,0,,1,270
3165,43.9,0,,1,270
3166,43.9,0,,1,270
3167,43.9,0,,1,270
3168,43.9,0,,1,270
3169,43.9,0,,1,270
3170,43.9,0,,1,270
3171,44,0,,1,270
3172,44,0,,1,270
3173,44,0,,1,270
3174,44,0,,1,270
3175,44,0,,1,270
3176,44,0,,1,270
3177,44,0,,1,270
3178,44,0,,1,270
3179,44.1,0,,1,270
3180,44.1,0,,1,270
3181,44.1,0,,1,270
3182,44.1,0,,1,270
3183,44.1,0,,1,270
3184,44.1,0,,1,270
3185,44.2,0,,1,270
3186,44.2,0,,1,270
3187,44.2,0,,1,270
3188,44.2,0,,1,270
3189,44.3,0,,1,270
3190,44.3,0,,1,270
3191,44.3,0,,1,270
3192,44.3,0,,1,270
3193,44.3,0,,1,270
3194,44.4,0,,1,270
3195,44.4,0,,1,270
3196,44.4,0,,1,270
3197,44.4,0,,1,270
3198,44.4,0,,1,270
3199,44.5,0,,1,270
3200,44.5,0,,1,270
3201,44.5,0,,1,270
3202,44.5,0,,1,270
3203,44.5,0,,1,270
3204,44.5,0,,1,270
3205,44.5,0,,1,270
3206,44.6,0,,1,270
3207,44.6,0,,1,270
3208,44.6,0,,1,270
3209,44.6,0,,1,270
3210,44.6,0,,1,270
3211,44.6,0,,1,270
3212,44.6,0,,1,270
3213,44.7,0,,1,270
3214,44.7,0,,1,270
3215,44.7,0,,1,270
3216,44.7,0,,1,270
3217,44.7,0,,1,270
3218,44.7,0,,1,270
3219,44.7,0,,1,270
3220,44.7,0,,1,270
3221,44.8,0,,1,270
3222,44.8,0,,1,270
3223,44.8,0,,1,270
3224,44.8,0,,1,270
3225,44.8,0,,1,270
3226,44.8,0,,1,270
3227,44.8,0,,1,270
3228,44.9,0,,1,270
3229,44.9,0,,1,270
3230,44.9,0,,1,270
3231,44.9,0,,1,270
3232,44.9,0,,1,270
3233,44.9,0,,1,270
3234,45,0,,1,270
3235,45,0,,1,270
3236,45,0,,1,270
3237,45,0,,1,270
3238,45.1,0,,1,270
3239,45.1,0,,1,270
3240,45.1,0,,1,270
3241,45.1,0,,1,270
3242,45.1,0,,1,270
3243,45.2,0,,1,270
3244,45.2,0,,1,270
3245,45.2,0,,1,270
3246,45.2,0,,1,270
3247,45.2,0,,1,270
3248,45.2,0,,1,270
3249,45.3,0,,1,270
3250,45.3,0,,1,270
3251,45.3,0,,1,270
3252,45.3,0,,1,270
3253,45.3,0,,1,270
3254,45.3,0,,1,270
3255,45.3,0,,1,270
3256,45.3,0,,1,270
3257,45.4,0,,1,270
3258,45.4,0,,1,270
3259,45.4,0,,1,270
3260,45.4,0,,1,270
3261,45.4,0,,1,270
3262,45.5,0,,1,270
3263,45.5,0,,1,270
3264,45.5,0,,1,270
3265,45.5,0,,1,270
3266,45.5,0,,1,270
3267,45.5,0,,1,270
3268,45.5,0,,1,270
3269,45.5,0,,1,270
3270,45.6,0,,1,270
3271,45.6,0,,1,270
3272,45.6,0,,1,270
3273,45.6,0,,1,270
3274,45.6,0,,1,270
3275,45.7,0,,0,
3276,45.7,0,,0,
3277,45.7,0,,0,
3278,45.7,0,,0,
3279,45.7,0,,0,
3280,45.7,0,,0,
3281,45.7,0,,0,
3282,45.7,0,,0,
3283,45.7,0,,0,
3284,45.8,0,,0,
3285,45.8,0,,0,
3286,45.8,0,,0,
3287,45.8,0,,0,
3288,45.8,0,,0,
3289,45.9,0,,0,
3290,45.9,0,,0,
3291,45.9,0,,0,
3292,45.9,0,,0,
3293,45.9,0,,0,
3294,46,0,,0,
3295,46,0,,0,
3296,46,0,,0,
3297,46,0,,0,
3298,46,0,,0,
3299,46.1,0,,0,
3300,46.1,0,,0,
3301,46.1,0,,0,
3302,46.1,0,,0,
3303,46.1,0,,0,
3304,46.1,0,,0,
3305,46.2,0,,0,
3306,46.2,0,,0,
3307,46.2,0,,0,
3308,46.2,0,,0,
3309,46.2,0,,0,
3310,46.2,0,,0,
3311,46.3,0,,0,
3312,46.3,0,,0,
3313,46.3,0,,0,
3314,46.3,0,,0,
3315,46.3,0,,0,
3316,46.3,0,,0,
3317,46.3,0,,0,
3318,46.3,0,,0,
3319,46.4,0,,0,
3320,46.4,0,,0,
3321,46.4,0,,0,
3322,46.4,0,,0,
3323,46.4,0,,0,
3324,46.4,0,,0,
3325,46.4,0,,0,
3326,46.5,0,,0,
3327,46.5,0,,0,
3328,46.5,0,,0,
3329,46.5,0,,0,
3330,46.5,0,,0,
3331,46.5,0,,0,
3332,46.5,0,,0,
3333,46.6,0,,0,
3334,46.6,0,,0,
3335,46.6,0,,0,
3336,46.6,0,,0,
3337,46.6,0,,0,
3338,46.6,0,,0,
3339,46.6,0,,0,
3340,46.7,0,,0,
3341,46.7,0,,0,
3342,46.7,0,,0,
3343,46.7,0,,0,
3344,46.7,0,,0,
3345,46.8,0,,0,
3346,46.8,0,,0,
3347,46.8,0,,0,
3348,46.8,0,,0,
3349,46.8,0,,0,
3350,46.8,0,,0,
3351,46.9,0,,0,
3352,46.9,0,,0,
3353,46.9,0,,0,
3354,46.9,0,,0,
3355,46.9,0,,0,
3356,47,0,,0,
3357,47,0,,0,
3358,47,0,,0,
3359,47,0,,0,
3360,47,0,,0,
3361,47,0,,0,
3362,47.1,0,,0,
3363,47.1,0,,0,
3364,47.1,0,,0,
3365,47.1,0,,0,
3366,47.1,0,,0,
3367,47.2,0,,0,
3368,47.2,0,,0,
3369,47.2,0,,0,
3370,47.2,0,,0,
3371,47.2,0,,0,
3372,47.2,0,,0,
3373,47.2,0,,0,
3374,47.2,0,,0,
3375,47.3,0,,0,
3376,47.3,0,,0,
3377,47.3,0,,0,
3378,47.3,0,,0,
3379,47.3,0,,0,
3380,47.3,0,,0,
3381,47.3,0,,0,
3382,47.4,0,,0,
3383,47.4,0,,0,
3384,47.4,0,,0,
3385,47.4,0,,0,
3386,47.4,0,,0,
3387,47.4,0,,0,
3388,47.4,0,,0,
3389,47.5,0,,0,
3390,47.5,0,,0,
3391,47.5,0,,0,
3392,47.5,0,,0,
3393,47.5,0,,0,
3394,47.5,0,,0,
3395,47.6,0,,0,
3396,47.6,0,,0,
3397,47.6,0,,0,
3398,47.6,0,,0,
3399,47.7,1,75,0,
3400,47.7,1,75,0,
3401,47.7,1,75,0,
3402,47.7,1,75,0,
3403,47.7,1,75,0,
3404,47.8,0,,0,
3405,47.8,0,,0,
3406,47.8,0,,0,
3407,47.8,0,,0,
3408,47.8,0,,0,
3409,47.8,0,,0,
3410,47.8,0,,0,
3411,47.9,0,,0,
3412,47.9,0,,0,
3413,47.9,0,,0,
3414,47.9,0,,0,
3415,47.9,0,,0,
3416,47.9,0,,0,
3417,48,0,,0,
3418,48,0,,0,
3419,48,0,,0,
3420,48,0,,0,
3421,48,0,,0,
3422,48,0,,0,
3423,48,0,,0,
3424,48.1,0,,0,
3425,48.1,0,,0,
3426,48.1,0,,0,
3427,48.1,0,,0,
3428,48.1,0,,0,
3429,48.1,0,,0,
3430,48.2,0,,0,
3431,48.2,0,,0,
3432,48.2,0,,0,
3433,48.2,0,,0,
3434,48.2,0,,0,
3435,48.2,0,,0,
3436,48.2,0,,0,
3437,48.3,0,,0,
3438,48.3,0,,0,
3439,48.3,0,,0,
3440,48.3,0,,0,
3441,48.3,0,,0,
3442,48.3,0,,0,
3443,48.3,0,,0,
3444,48.3,0,,0,
3445,48.4,0,,0,
3446,48.4,0,,0,
3447,48.4,0,,0,
3448,48.4,0,,0,
3449,48.4,0,,0,
3450,48.5,0,,0,
3451,48.5,0,,0,
3452,48.5,0,,0,
3453,48.5,0,,0,
3454,48.5,0,,0,
3455,48.5,0,,0,
3456,48.6,0,,0,
3457,48.6,0,,0,
3458,48.6,0,,0,
3459,48.6,0,,0,
3460,48.6,0,,0,
3461,48.7,0,,0,
3462,48.7,0,,0,
3463,48.7,0,,0,
3464,48.7,0,,0,
3465,48.7,0,,0,
3466,48.8,0,,0,
3467,48.8,0,,0,
3468,48.8,0,,0,
3469,48.8,0,,0,
3470,48.8,0,,0,
3471,48.8,0,,0,
3472,48.8,0,,0,
3473,48.8,0,,0,
3474,48.9,0,,0,
3475,48.9,0,,0,
3476,48.9,0,,0,
3477,48.9,0,,0,
3478,48.9,0,,0,
3479,48.9,0,,0,
3480,48.9,0,,0,
3481,49,0,,0,
3482,49,0,,0,
3483,49,0,,0,
3484,49,0,,0,
3485,49,0,,0,
3486,49,0,,0,
3487,49,0,,0,
3488,49.1,0,,0,
3489,49.1,0,,0,
3490,49.1,0,,0,
3491,49.1,0,,0,
3492,49.1,0,,0,
3493,49.1,0,,0,
3494,49.1,0,,0,
3495,49.2,0,,0,
3496,49.2,0,,0,
3497,49.2,0,,0,
3498,49.2,0,,0,
3499,49.2,0,,0,
3500,49.3,0,,0,
3501,49.3,0,,0,
3502,49.3,0,,0,
3503,49.3,0,,0,
3504,49.3,0,,0,
3505,49.4,0,,0,
3506,49.4,0,,0,
3507,49.4,0,,0,
3508,49.4,0,,0,
3509,49.4,0,,0,
3510,49.5,0,,0,
3511,49.5,0,,0,
3512,49.5,0,,0,
3513,49.5,0,,0,
3514,49.5,0,,0,
3515,49.5,0,,0,
3516,49.6,0,,0,
3517,49.6,0,,0,
3518,49.6,0,,0,
3519,49.6,0,,0,
3520,49.6,0,,0,
3521,49.6,0,,0,
3522,49.6,0,,0,
3523,49.7,0,,0,
3524,49.7,0,,0,
3525,49.7,0,,0,
3526,49.7,0,,0,
3527,49.7,0,,0,
3528,49.7,0,,0,
3529,49.7,0,,0,
3530,49.8,0,,0,
3531,49.8,0,,0,
3532,49.8,0,,0,
3533,49.8,0,,0,
3534,49.8,0,,0,
3535,49.8,0,,0,
3536,49.9,0,,0,
3537,49.9,0,,0,
3538,49.9,0,,0,
3539,49.9,0,,0,
3540,49.9,0,,0,
3541,49.9,0,,0,
3542,49.9,0,,0,
3543,50,0,,0,
3544,50,0,,0,
3545,50,0,,0,
3546,50,0,,0,
3547,50,0,,0,
3548,50.1,0,,0,
3549,50.1,0,,0,
3550,50.1,0,,0,
3551,50.1,0,,0,
3552,50.1,0,,0,
3553,50.2,0,,0,
3554,50.2,0,,0,
3555,50.2,0,,0,
3556,50.2,0,,0,
3557,50.2,0,,0,
3558,50.3,0,,0,
3559,50.3,0,,0,
3560,50.3,0,,0,
3561,50.3,0,,0,
3562,50.3,0,,0,
3563,50.3,0,,0,
3564,50.3,0,,0,
3565,50.4,0,,0,
3566,50.4,0,,0,
3567,50.4,0,,0,
3568,50.4,0,,0,
3569,50.4,0,,0,
3570,50.5,0,,0,
3571,50.5,0,,0,
3572,50.5,0,,0,
3573,50.5,0,,0,
3574,50.5,0,,0,
3575,50.5,0,,0,
3576,50.5,0,,0,
3577,50.5,0,,0,
3578,50.6,1,75,0,
3579,50.6,1,75,0,
3580,50.6,1,75,0,
3581,50.6,1,75,0,
3582,50.6,1,75,0,
3583,50.6,1,75,0,
3584,50.7,0,,0,
3585,50.7,0,,0,
3586,50.7,0,,0,
3587,50.7,0,,0,
3588,50.7,0,,0,
3589,50.7,0,,0,
3590,50.7,0,,0,
3591,50.7,0,,0,
3592,50.8,0,,0,
3593,50.8,0,,0,
3594,50.8,0,,0,
3595,50.8,0,,0,
3596,50.8,0,,0,
3597,50.9,0,,0,
3598,50.9,0,,0,
3599,50.9,0,,0,
3600,50.9,0,,0,
3601,50.9,0,,0,
3602,51,0,,0,
3603,51,0,,0,
3604,51,0,,0,
3605,51,0,,0,
3606,51,0,,0,
3607,51,0,,0,
3608,51.1,0,,0,
3609,51.1,0,,0,
3610,51.1,0,,0,
3611,51.1,0,,0,
3612,51.1,0,,0,
3613,51.2,0,,0,
3614,51.2,0,,0,
3615,51.2,0,,0,
3616,51.2,0,,0,
3617,51.2,0,,0,
3618,51.2,0,,0,
3619,51.3,0,,0,
3620,51.3,0,,0,
3621,51.3,0,,0,
3622,51.3,0,,0,
3623,51.3,0,,0,
3624,51.3,0,,0,
3625,51.3,0,,0,
3626,51.4,0,,0,
3627,51.4,0,,0,
3628,51.4,0,,0,
3629,51.4,0,,0,
3630,51.4,0,,0,
3631,51.4,0,,0,
3632,51.4,0,,0,
3633,51.5,0,,0,
3634,51.5,0,,0,
3635,51.5,0,,0,
3636,51.5,0,,0,
3637,51.5,0,,0,
3638,51.5,0,,0,
3639,51.5,0,,0,
3640,51.5,0,,0,
3641,51.6,0,,0,
3642,51.6,0,,0,
3643,51.6,0,,0,
3644,51.6,0,,0,
3645,51.6,0,,0,
3646,51.7,0,,0,
3647,51.7,0,,0,
3648,51.7,0,,0,
3649,51.7,0,,0,
3650,51.7,0,,0,
3651,51.8,0,,0,
3652,51.8,0,,0,
3653,51.8,0,,0,
3654,51.8,0,,0,
3655,51.8,0,,0,
3656,51.9,0,,0,
3657,51.9,0,,0,
3658,51.9,0,,0,
3659,51.9,0,,0,
3660,51.9,0,,0,
3661,51.9,0,,0,
3662,52,0,,0,
3663,52,0,,0,
3664,52,0,,0,
3665,52,0,,0,
3666,52,0,,0,
3667,52,0,,0,
3668,52,0,,0,
3669,52.1,0,,0,
3670,52.1,0,,0,
3671,52.1,0,,0,
3672,52.1,0,,0,
3673,52.1,0,,0,
3674,52.1,0,,0,
3675,52.2,0,,0,
3676,52.2,0,,0,
3677,52.2,0,,0,
3678,52.2,0,,0,
3679,52.2,0,,0,
3680,52.2,0,,0,
3681,52.2,0,,0,
3682,52.3,0,,0,
3683,52.3,0,,0,
3684,52.3,0,,0,
3685,52.3,0,,0,
3686,52.3,0,,0,
3687,52.3,0,,0,
3688,52.3,0,,0,
3689,52.4,0,,0,
3690,52.4,0,,0,
3691,52.4,0,,0,
3692,52.4,0,,0,
3693,52.4,0,,0,
3694,52.4,0,,0,
3695,52.5,0,,0,
3696,52.5,0,,0,
3697,52.5,0,,0,
3698,52.5,0,,0,
3699,52.5,0,,0,
3700,52.6,0,,0,
3701,52.6,0,,0,
3702,52.6,0,,0,
3703,52.6,0,,0,
3704,52.6,0,,0,
3705,52.7,0,,0,
3706,52.7,0,,0,
3707,52.7,0,,0,
3708,52.7,0,,0,
3709,52.7,0,,0,
3710,52.8,0,,0,
3711,52.8,0,,0,
3712,52.8,0,,0,
3713,52.8,0,,0,
3714,52.8,0,,0,
3715,52.8,0,,0,
3716,52.8,0,,0,
3717,52.9,0,,0,
3718,52.9,0,,0,
3719,52.9,0,,0,
3720,52.9,0,,0,
3721,52.9,0,,0,
3722,52.9,0,,0,
3723,52.9,0,,0,
3724,53,0,,0,
3725,53,0,,0,
3726,53,0,,0,
3727,53,0,,0,
3728,53,0,,0,
3729,53,0,,0,
3730,53,0,,0,
3731,53.1,0,,0,
3732,53.1,0,,0,
3733,53.1,0,,0,
3734,53.1,0,,0,
3735,53.1,0,,0,
3736,53.1,0,,0,
3737,53.2,0,,0,
3738,53.2,0,,0,
3739,53.2,0,,0,
3740,53.2,0,,0,
3741,53.2,0,,0,
3742,53.2,0,,0,
3743,53.2,0,,0,
3744,53.2,0,,0,
3745,53.3,0,,0,
3746,53.3,0,,0,
3747,53.3,0,,0,
3748,53.3,0,,0,
3749,53.3,0,,0,
3750,53.4,0,,0,
3751,53.4,0,,0,
3752,53.4,0,,0,
3753,53.4,0,,0,
3754,53.5,0,,0,
3755,53.5,0,,0,
3756,53.5,0,,0,
3757,53.5,0,,0,
3758,53.5,0,,0,
3759,53.6,0,,0,
3760,53.6,0,,0,
3761,53.6,0,,0,
3762,53.6,0,,0,
3763,53.6,0,,0,
3764,53.6,0,,0,
3765,53.7,0,,0,
3766,53.7,0,,0,
3767,53.7,0,,0,
3768,53.7,0,,0,
3769,53.7,0,,0,
3770,53.7,0,,0,
3771,53.8,0,,0,
3772,53.8,0,,0,
3773,53.8,0,,0,
3774,53.8,0,,0,
3775,53.8,0,,0,
3776,53.8,0,,0,
3777,53.8,0,,0,
3778,53.9,0,,0,
3779,53.9,0,,0,
3780,53.9,0,,0,
3781,53.9,0,,0,
3782,53.9,0,,0,
3783,53.9,0,,0,
3784,53.9,0,,0,
3785,53.9,0,,0,
3786,53.9,0,,0,
3787,53.9,0,,0,
3788,53.9,0,,0,
3789,54,0,,0,
3790,54,0,,0,
3791,54,0,,0,
3792,54,0,,0,
3793,54,0,,0,
3794,54,0,,0,
3795,54.1,0,,0,
3796,54.1,0,,0,
3797,54.1,0,,0,
3798,54.1,0,,0,
3799,54.2,0,,0,
3800,54.2,0,,0,
3801,54.2,0,,0,
3802,54.2,0,,0,
3803,54.3,0,,0,
3804,54.3,0,,0,
3805,54.3,0,,0,
3806,54.3,0,,0,
3807,54.3,0,,0,
3808,54.3,0,,0,
3809,54.4,0,,0,
3810,54.4,0,,0,
3811,54.4,0,,0,
3812,54.4,0,,0,
3813,54.4,0,,0,
3814,54.4,0,,0,
3815,54.5,0,,0,
3816,54.5,0,,0,
3817,54.5,0,,0,
3818,54.5,0,,0,
3819,54.5,0,,0,
3820,54.5,0,,0,
3821,54.6,0,,0,
3822,54.6,0,,0,
3823,54.6,0,,0,
3824,54.6,0,,0,
3825,54.6,0,,0,
3826,54.6,0,,0,
3827,54.6,0,,0,
3828,54.7,0,,0,
3829,54.7,0,,0,
3830,54.7,0,,0,
3831,54.7,0,,0,
3832,54.7,0,,0,
3833,54.7,0,,0,
3834,54.7,0,,0,
3835,54.8,0,,0,
3836,54.8,0,,0,
3837,54.8,0,,0,
3838,54.8,0,,0,
3839,54.8,0,,0,
3840,54.8,0,,0,
3841,54.8,0,,0,
3842,54.9,0,,0,
3843,54.9,0,,0,
3844,54.9,0,,0,
3845,54.9,0,,0,
3846,54.9,0,,0,
3847,54.9,0,,0,
3848,54.9,0,,0,
3849,55,0,,0,
3850,55,0,,0,
3851,55,0,,0,
3852,55,0,,0,
3853,55,0,,0,
3854,55.1,0,,0,
3855,55.1,0,,0,
3856,55.1,0,,0,
3857,55.1,0,,0,
3858,55.1,0,,0,
3859,55.2,0,,0,
3860,55.2,0,,0,
3861,55.2,0,,0,
3862,55.2,0,,0,
3863,55.2,0,,0,
3864,55.3,0,,0,
3865,55.3,0,,0,
3866,55.3,0,,0,
3867,55.3,0,,0,
3868,55.3,0,,0,
3869,55.3,0,,0,
3870,55.4,0,,0,
3871,55.4,0,,0,
3872,55.4,0,,0,
3873,55.4,0,,0,
3874,55.4,0,,0,
3875,55.4,0,,0,
3876,55.5,0,,0,
3877,55.5,0,,0,
3878,55.5,0,,0,
3879,55.5,0,,0,
3880,55.5,0,,0,
3881,55.5,0,,0,
3882,55.5,0,,0,
3883,55.5,0,,0,
3884,55.6,0,,0,
3885,55.6,0,,0,
3886,55.6,0,,0,
3887,55.6,0,,0,
3888,55.6,0,,0,
3889,55.6,0,,0,
3890,55.6,0,,0,
3891,55.7,0,,0,
3892,55.7,0,,0,
3893,55.7,0,,0,
3894,55.7,0,,0,
3895,55.7,0,,0,
3896,55.7,0,,0,
3897,55.7,0,,0,
3898,55.8,0,,0,
3899,55.8,0,,0,
3900,55.8,0,,0,
3901,55.8,0,,0,
3902,55.8,0,,0,
3903,55.9,0,,0,
3904,55.9,0,,0,
3905,55.9,0,,0,
3906,55.9,0,,0,
3907,56,0,,0,
3908,56,0,,0,
3909,56,0,,0,
3910,56,0,,0,
3911,56,0,,0,
3912,56.1,0,,0,
3913,56.1,0,,0,
3914,56.1,0,,0,
3915,56.1,0,,0,
3916,56.1,0,,0,
3917,56.1,0,,0,
3918,56.2,0,,0,
3919,56.2,0,,0,
3920,56.2,0,,0,
3921,56.2,0,,0,
3922,56.2,0,,0,
3923,56.2,0,,0,
3924,56.2,0,,0,
3925,56.3,0,,0,
3926,56.3,0,,0,
3927,56.3,0,,0,
3928,56.3,0,,0,
3929,56.3,0,,0,
3930,56.3,0,,0,
3931,56.3,0,,0,
3932,56.4,0,,0,
3933,56.4,0,,0,
3934,56.4,0,,0,
3935,56.4,0,,0,
3936,56.4,0,,0,
3937,56.4,0,,0,
3938,56.4,0,,0,
3939,56.5,0,,0,
3940,56.5,0,,0,
3941,56.5,0,,0,
3942,56.5,0,,0,
3943,56.5,0,,0,
3944,56.5,0,,0,
3945,56.5,0,,0,
3946,56.5,0,,0,
3947,56.6,0,,0,
3948,56.6,0,,0,
3949,56.6,0,,0,
3950,56.6,0,,0,
3951,56.6,0,,0,
3952,56.7,0,,0,
3953,56.7,0,,0,
3954,56.7,0,,0,
3955,56.7,0,,0,
3956,56.7,0,,0,
3957,56.8,0,,0,
3958,56.8,0,,0,
3959,56.8,0,,0,
3960,56.8,0,,0,
3961,56.8,0,,0,
3962,56.9,0,,0,
3963,56.9,0,,0,
3964,56.9,0,,0,
3965,56.9,0,,0,
3966,56.9,0,,0,
3967,57,0,,0,
3968,57,0,,0,
3969,57,0,,0,
3970,57,0,,0,
3971,57,0,,0,
3972,57,0,,0,
3973,57,0,,0,
3974,57.1,0,,0,
3975,57.1,0,,0,
3976,57.1,0,,0,
3977,57.1,0,,0,
3978,57.1,0,,0,
3979,57.1,0,,0,
3980,57.1,0,,0,
3981,57.2,0,,0,
3982,57.2,0,,0,
3983,57.2,0,,0,
3984,57.2,0,,0,
3985,57.2,0,,0,
3986,57.2,0,,0,
3987,57.2,0,,0,
3988,57.3,0,,0,
3989,57.3,0,,0,
3990,57.3,0,,0,
3991,57.3,0,,0,
3992,57.3,0,,0,
3993,57.3,0,,0,
3994,57.3,0,,0,
3995,57.4,0,,0,
3996,57.4,0,,0,
3997,57.4,0,,0,
3998,57.4,0,,0,
3999,57.4,0,,0,
4000,57.4,0,,0,
4001,57.5,0,,0,
4002,57.5,0,,0,
4003,57.5,0,,0,
4004,57.5,0,,0,
4005,57.5,0,,0,
4006,57.6,0,,0,
4007,57.6,0,,0,
4008,57.6,0,,0,
4009,57.6,0,,0,
4010,57.6,0,,0,
4011,57.7,0,,0,
4012,57.7,0,,0,
4013,57.7,0,,0,
4014,57.7,0,,0,
4015,57.7,0,,0,
4016,57.8,0,,0,
4017,57.8,0,,0,
4018,57.8,0,,0,
4019,57.8,0,,0,
4020,57.8,0,,0,
4021,57.8,0,,0,
4022,57.8,0,,0,
4023,57.9,0,,0,
4024,57.9,0,,0,
4025,57.9,0,,0,
4026,57.9,0,,0,
4027,57.9,0,,0,
4028,57.9,0,,0,
4029,57.9,0,,0,
4030,58,0,,0,
4031,58,0,,0,
4032,58,0,,0,
4033,58,0,,0,
4034,58,0,,0,
4035,58,0,,0,
4036,58,0,,0,
4037,58,0,,0,
4038,58,0,,0,
4039,58.1,0,,0,
4040,58.1,0,,0,
4041,58.1,0,,0,
4042,58.1,0,,0,
4043,58.1,0,,0,
4044,58.2,0,,0,
4045,58.2,0,,0,
4046,58.2,0,,0,
4047,58.2,0,,0,
4048,58.2,0,,0,
4049,58.2,0,,0,
4050,58.3,0,,0,
4051,58.3,0,,0,
4052,58.3,0,,0,
4053,58.3,0,,0,
4054,58.4,0,,0,
4055,58.4,0,,0,
4056,58.4,0,,0,
4057,58.4,0,,0,
4058,58.4,0,,0,
4059,58.5,0,,0,
4060,58.5,0,,0,
4061,58.5,0,,0,
4062,58.5,0,,0,
4063,58.5,0,,0,
4064,58.5,0,,0,
4065,58.6,1,75,0,
4066,58.6,1,75,0,
4067,58.6,1,75,0,
4068,58.6,1,75,0,
4069,58.6,1,75,0,
4070,58.6,1,75,0,
4071,58.7,0,,0,
4072,58.7,0,,0,
4073,58.7,0,,0,
4074,58.7,0,,0,
4075,58.7,0,,0,
4076,58.7,0,,0,
4077,58.7,0,,0,
4078,58.7,0,,0,
4079,58.8,0,,0,
4080,58.8,0,,0,
4081,58.8,0,,0,
4082,58.8,0,,0,
4083,58.8,0,,0,
4084,58.8,0,,0,
4085,58.8,0,,0,
4086,58.8,0,,0,
4087,58.9,0,,0,
4088,58.9,0,,0,
4089,58.9,0,,0,
4090,58.9,0,,0,
4091,58.9,0,,0,
4092,58.9,0,,0,
4093,58.9,0,,0,
4094,59,0,,0,
4095,59,0,,0,
4096,59,0,,0,
4097,59,0,,0,
4098,59,0,,0,
4099,59.1,0,,0,
4100,59.1,0,,0,
4101,59.1,0,,0,
4102,59.1,0,,0,
4103,59.1,0,,0,
4104,59.2,0,,0,
4105,59.2,0,,0,
4106,59.2,0,,0,
4107,59.2,0,,0,
4108,59.3,0,,1,270
4109,59.3,0,,1,270
4110,59.3,0,,1,270
4111,59.3,0,,1,270
4112,59.3,0,,1,270
4113,59.3,0,,1,270
4114,59.3,0,,1,270
4115,59.4,0,,1,270
4116,59.4,0,,1,270
4117,59.4,0,,1,270
4118,59.4,0,,1,270
4119,59.4,0,,1,270
4120,59.4,0,,1,270
4121,59.5,0,,1,270
4122,59.5,0,,1,270
4123,59.5,0,,1,270
4124,59.5,0,,1,270
4125,59.5,0,,1,270
4126,59.5,0,,1,270
4127,59.5,0,,1,270
4128,59.5,0,,1,270
4129,59.6,0,,1,270
4130,59.6,0,,1,270
4131,59.6,0,,1,270
4132,59.6,0,,1,270
4133,59.6,0,,1,270
4134,59.6,0,,1,270
4135,59.6,0,,1,270
4136,59.7,0,,1,270
4137,59.7,0,,1,270
4138,59.7,0,,1,270
4139,59.7,0,,1,270
4140,59.7,0,,1,270
4141,59.7,0,,1,270
4142,59.8,0,,1,270
4143,59.8,0,,1,270
4144,59.8,0,,1,270
4145,59.8,0,,1,270
4146,59.8,0,,1,270
4147,59.9,0,,1,270
4148,59.9,0,,1,270
4149,59.9,0,,1,270
4150,59.9,0,,1,270
4151,59.9,0,,1,270
4152,60,0,,1,270
4153,60,0,,1,270
4154,60,0,,1,270
4155,60,0,,1,270
4156,60.1,0,,1,270
4157,60.1,0,,1,270
4158,60.1,0,,1,270
4159,60.1,0,,1,270
4160,60.1,0,,1,270
4161,60.1,0,,1,270
4162,60.1,0,,1,270
4163,60.2,0,,0,
4164,60.2,0,,0,
4165,60.2,0,,0,
4166,60.2,0,,0,
4167,60.2,0,,0,
4168,60.2,0,,0,
4169,60.2,0,,0,
4170,60.2,0,,0,
4171,60.3,0,,0,
4172,60.3,0,,0,
4173,60.3,0,,0,
4174,60.3,0,,0,
4175,60.3,0,,0,
4176,60.3,0,,0,
4177,60.3,0,,0,
4178,60.3,0,,0,
4179,60.4,0,,0,
4180,60.4,0,,0,
4181,60.4,0,,0,
4182,60.4,0,,0,
4183,60.4,0,,0,
4184,60.4,0,,0,
4185,60.4,0,,0,
4186,60.5,0,,0,
4187,60.5,0,,0,
4188,60.5,0,,0,
4189,60.5,0,,0,
4190,60.5,0,,0,
4191,60.5,0,,0,
4192,60.6,0,,0,
4193,60.6,0,,0,
4194,60.6,0,,0,
4195,60.6,0,,0,
4196,60.7,0,,0,
4197,60.7,0,,0,
4198,60.7,0,,0,
4199,60.7,0,,0,
4200,60.7,0,,0,
4201,60.8,0,,0,
4202,60.8,0,,0,
4203,60.8,0,,0,
4204,60.8,0,,0,
4205,60.9,0,,0,
4206,60.9,0,,0,
4207,60.9,0,,0,
4208,60.9,0,,0,
4209,60.9,0,,0,
4210,60.9,0,,0,
4211,60.9,0,,0,
4212,61,0,,0,
4213,61,0,,0,
4214,61,0,,0,
4215,61,0,,0,
4216,61,0,,0,
4217,61,0,,0,
4218,61,0,,0,
4219,61.1,0,,0,
4220,61.1,0,,0,
4221,61.1,0,,0,
4222,61.1,0,,0,
4223,61.1,0,,0,
4224,61.1,0,,0,
4225,61.1,0,,0,
4226,61.1,0,,0,
4227,61.1,0,,0,
4228,61.2,0,,0,
4229,61.2,0,,0,
4230,61.2,0,,0,
4231,61.2,0,,0,
4232,61.2,0,,0,
4233,61.2,0,,0,
4234,61.2,0,,0,
4235,61.2,0,,0,
4236,61.3,0,,0,
4237,61.3,0,,0,
4238,61.3,0,,0,
4239,61.3,0,,0,
4240,61.3,0,,0,
4241,61.3,0,,0,
4242,61.3,0,,0,
4243,61.3,0,,0,
4244,61.4,0,,0,
4245,61.4,0,,0,
4246,61.4,0,,0,
4247,61.4,0,,0,
4248,61.4,0,,0,
4249,61.4,0,,0,
4250,61.5,0,,0,
4251,61.5,0,,0,
4252,61.5,0,,0,
4253,61.5,0,,0,
4254,61.5,0,,0,
4255,61.5,0,,0,
4256,61.6,0,,0,
4257,61.6,0,,0,
4258,61.6,0,,0,
4259,61.6,0,,0,
4260,61.6,0,,0,
4261,61.6,0,,0,
4262,61.7,0,,0,
4263,61.7,0,,0,
4264,61.7,0,,0,
4265,61.7,0,,0,
4266,61.7,0,,0,
4267,61.7,0,,0,
4268,61.7,0,,0,
4269,61.8,0,,0,
4270,61.8,0,,0,
4271,61.8,0,,0,
4272,61.8,0,,0,
4273,61.8,0,,0,
4274,61.8,0,,0,
4275,61.8,0,,0,
4276,61.8,0,,0,
4277,61.8,0,,0,
4278,61.8,0,,0,
4279,61.8,0,,0,
4280,61.8,0,,0,
4281,61.8,0,,0,
4282,61.9,0,,0,
4283,61.9,0,,0,
4284,61.9,0,,0,
4285,61.9,0,,0,
4286,61.9,0,,0,
4287,61.9,0,,0,
4288,61.9,0,,0,
4289,61.9,0,,0,
4290,61.9,0,,0,
4291,61.9,0,,0,
4292,61.9,0,,0,
4293,61.9,0,,0,
4294,61.9,0,,0,
4295,62,0,,0,
4296,62,0,,0,
4297,62,0,,0,
4298,62,0,,0,
4299,62,0,,0,
4300,62,0,,0,
4301,62,0,,0,
4302,62,0,,0,
4303,62,0,,0,
4304,62,0,,0,
4305,62.1,0,,0,
4306,62.1,0,,0,
4307,62.1,0,,0,
4308,62.1,0,,0,
4309,62.1,0,,0,
4310,62.1,0,,0,
4311,62.1,0,,0,
4312,62.1,0,,0,
4313,62.2,0,,0,
4314,62.2,0,,0,
4315,62.2,0,,0,
4316,62.2,0,,0,
4317,62.2,0,,0,
4318,62.2,0,,0,
4319,62.2,0,,0,
4320,62.2,0,,0,
4321,62.2,0,,0,
4322,62.2,0,,0,
4323,62.2,0,,0,
4324,62.2,0,,0,
4325,62.3,0,,0,
4326,62.3,0,,0,
4327,62.3,0,,0,
4328,62.3,0,,0,
4329,62.3,0,,0,
4330,62.3,0,,0,
4331,62.3,0,,0,
4332,62.3,0,,0,
4333,62.3,0,,0,
4334,62.3,0,,0,
4335,62.3,0,,0,
4336,62.3,0,,0,
4337,62.3,0,,0,
4338,62.3,0,,0,
4339,62.3,0,,0,
4340,62.3,0,,0,
4341,62.3,0,,0,
4342,62.3,0,,0,
4343,62.3,0,,0,
4344,62.4,0,,0,
4345,62.4,0,,0,
4346,62.4,0,,0,
4347,62.4,0,,0,
4348,62.4,0,,0,
4349,62.4,0,,0,
4350,62.4,0,,0,
4351,62.4,0,,0,
4352,62.4,0,,0,
4353,62.4,0,,0,
4354,62.4,0,,0,
4355,62.4,0,,0,
4356,62.4,0,,0,
4357,62.4,0,,0,
4358,62.4,0,,0,
4359,62.4,0,,0,
4360,62.4,0,,0,
4361,62.4,0,,0,
4362,62.4,0,,0,
4363,62.5,0,,0,
4364,62.5,0,,0,
4365,62.5,0,,0,
4366,62.5,0,,0,
4367,62.5,0,,0,
4368,62.5,0,,0,
4369,62.5,0,,0,
4370,62.5,0,,0,
4371,62.5,0,,1,
4372,62.5,0,,1,
4373,62.5,0,,1,
4374,62.5,0,,1,
4375,62.5,0,,1,
4376,62.5,0,,1,
4377,62.5,0,,1,
4378,62.5,0,,1,
4379,62.5,0,,1,
4380,62.5,0,,1,
4381,62.5,0,,1,
4382,62.5,0,,1,
4383,62.5,0,,1,
4384,62.5,0,,1,
4385,62.5,0,,1,
4386,62.6,0,,1,
4387,62.6,0,,1,
4388,62.6,0,,1,
4389,62.6,0,,1,
4390,62.6,0,,1,
4391,62.6,0,,1,
4392,62.6,0,,1,
4393,62.6,0,,1,
4394,62.6,0,,1,
4395,62.6,0,,1,
4396,62.6,0,,1,
4397,62.6,0,,1,
4398,62.6,0,,1,
4399,62.7,0,,1,
4400,62.7,0,,1,
4401,62.7,0,,1,
4402,62.7,0,,1,
4403,62.7,0,,1,
4404,62.7,0,,1,
4405,62.7,0,,1,
4406,62.7,0,,1,
4407,62.7,0,,1,
4408,62.7,0,,1,
4409,62.7,0,,1,
4410,62.7,0,,1,
4411,62.7,0,,1,
4412,62.7,0,,1,
4413,62.7,0,,1,
4414,62.7,0,,1,
4415,62.7,0,,1,
4416,62.7,0,,1,
4417,62.7,0,,1,
4418,62.7,0,,1,
4419,62.7,0,,1,
4420,62.8,0,,1,
4421,62.8,0,,1,
4422,62.8,0,,1,
4423,62.8,0,,1,
4424,62.8,0,,1,
4425,62.8,0,,1,
4426,62.8,0,,1,
4427,62.8,0,,1,
4428,62.8,0,,1,
4429,62.8,0,,1,
4430,62.8,0,,1,
4431,62.8,0,,1,
4432,62.8,0,,1,
4433,62.8,0,,1,
4434,62.8,0,,1,
4435,62.8,0,,1,
4436,62.8,0,,1,
4437,62.8,0,,1,
4438,62.8,0,,1,
4439,62.8,0,,1,
4440,62.8,0,,1,
4441,62.8,0,,1,
4442,62.8,0,,1,
4443,62.8,0,,1,
4444,62.8,0,,1,
4445,62.9,0,,1,
4446,62.9,0,,1,
4447,62.9,0,,1,
4448,62.9,0,,1,
4449,62.9,0,,1,
4450,62.9,0,,1,
4451,62.9,0,,1,
4452,62.9,0,,1,
4453,62.9,0,,1,
4454,62.9,0,,1,
4455,62.9,0,,1,
4456,62.9,0,,1,
4457,62.9,0,,1,
4458,63,0,,1,
4459,63,0,,1,
4460,63,0,,1,
4461,63,0,,1,
4462,63,0,,1,
4463,63,0,,1,
4464,63,0,,1,
4465,63,0,,1,
4466,63,0,,1,
4467,63,0,,1,
4468,63,0,,1,
4469,63,0,,1,
4470,63,0,,1,
4471,63,0,,1,
4472,63,0,,1,
4473,63,0,,1,
4474,63,0,,1,
4475,63,0,,1,
4476,63,0,,1,
4477,63,0,,1,
4478,63,0,,1,
4479,63,0,,1,
4480,63,0,,1,
4481,63,0,,1,
4482,63,0,,1,
4483,63.1,0,,1,
4484,63.1,0,,1,
4485,63.1,0,,1,
4486,63.1,0,,1,
4487,63.1,0,,1,
4488,63.1,0,,1,
4489,63.1,0,,1,
4490,63.1,0,,1,
4491,63.1,0,,1,
4492,63.1,0,,1,
4493,63.1,0,,1,
4494,63.1,0,,1,
4495,63.1,0,,1,
4496,63.1,0,,1,
4497,63.1,0,,1,
4498,63.1,0,,1,
4499,63.1,0,,1,
4500,63.1,0,,1,
4501,63.1,0,,1,
4502,63.1,0,,1,
4503,63.1,0,,1,
4504,63.1,0,,1,
4505,63.2,0,,1,
4506,63.2,0,,1,
4507,63.2,0,,1,
4508,63.2,0,,1,
4509,63.2,0,,1,
4510,63.2,0,,1,
4511,63.2,0,,1,
4512,63.2,0,,1,
4513,63.2,0,,1,
4514,63.2,0,,1,
4515,63.2,0,,1,
4516,63.2,0,,1,
4517,63.2,0,,1,
4518,63.2,0,,1,
4519,63.2,0,,1,
4520,63.2,0,,1,
4521,63.2,0,,1,
4522,63.2,0,,1,
4523,63.2,0,,1,
4524,63.2,0,,1,
4525,63.2,0,,1,
4526,63.2,0,,1,
4527,63.2,0,,1,
4528,63.3,0,,1,
4529,63.3,0,,1,
4530,63.3,0,,1,
4531,63.3,0,,1,
4532,63.3,0,,1,
4533,63.3,0,,1,
4534,63.3,0,,1,
4535,63.3,0,,1,
4536,63.3,0,,1,
4537,63.3,0,,1,
4538,63.3,0,,1,
4539,63.3,0,,1,
4540,63.3,0,,1,
4541,63.3,0,,1,
4542,63.3,0,,1,
4543,63.3,0,,1,
4544,63.3,0,,1,
4545,63.3,0,,1,
4546,63.3,0,,1,
4547,63.4,0,,1,
4548,63.4,0,,1,
4549,63.4,0,,1,
4550,63.4,0,,1,
4551,63.4,0,,1,
4552,63.4,0,,1,
4553,63.4,0,,1,
4554,63.4,0,,1,
4555,63.4,0,,1,
4556,63.4,0,,1,
4557,63.4,0,,1,
4558,63.4,0,,1,
4559,63.5,0,,1,
4560,63.5,0,,1,
4561,63.5,0,,1,
4562,63.5,0,,1,
4563,63.5,0,,1,
4564,63.5,0,,1,
4565,63.5,0,,1,
4566,63.5,0,,1,
4567,63.5,0,,1,
4568,63.5,0,,1,
4569,63.5,0,,1,
4570,63.5,0,,1,
4571,63.5,0,,1,
4572,63.5,0,,1,
4573,63.5,0,,1,
4574,63.5,0,,1,
4575,63.5,0,,1,
4576,63.5,0,,1,
4577,63.5,0,,1,
4578,63.5,0,,1,
4579,63.6,0,,1,
4580,63.6,0,,1,
4581,63.6,0,,1,
4582,63.6,0,,1,
4583,63.6,0,,1,
4584,63.6,0,,1,
4585,63.6,0,,1,
4586,63.6,0,,1,
4587,63.6,0,,1,
4588,63.6,0,,1,
4589,63.6,0,,1,
4590,63.6,0,,1,
4591,63.6,0,,1,
4592,63.6,0,,1,
4593,63.6,0,,1,
4594,63.6,0,,1,
4595,63.6,0,,1,
4596,63.6,0,,1,
4597,63.6,0,,1,
4598,63.7,0,,1,
4599,63.7,0,,1,
4600,63.7,0,,1,
4601,63.7,0,,1,
4602,63.7,0,,1,
4603,63.7,0,,1,
4604,63.7,0,,1,
4605,63.7,0,,1,
4606,63.7,0,,1,
4607,63.7,0,,1,
4608,63.7,0,,1,
4609,63.7,0,,1,
4610,63.7,0,,1,
4611,63.7,0,,1,
4612,63.7,0,,1,
4613,63.7,0,,1,
4614,63.7,0,,1,
4615,63.7,0,,1,
4616,63.7,0,,1,
4617,63.7,0,,1,
4618,63.7,0,,1,
4619,63.7,0,,1,
4620,63.8,0,,1,
4621,63.8,0,,1,
4622,63.8,0,,1,
4623,63.8,0,,1,
4624,63.8,0,,1,
4625,63.8,0,,1,
4626,63.8,0,,1,
4627,63.8,0,,1,
4628,63.8,0,,1,
4629,63.8,0,,1,
4630,63.8,0,,1,
4631,63.8,0,,1,
4632,63.8,0,,1,
4633,63.8,0,,1,
4634,63.8,0,,1,
4635,63.8,0,,1,
4636,63.8,0,,1,
4637,63.8,0,,1,
4638,63.8,0,,1,
4639,63.8,0,,1,
4640,63.8,0,,1,
4641,63.8,0,,1,
4642,63.8,0,,1,
4643,63.8,0,,1,
4644,63.8,0,,1,
4645,63.8,0,,1,
4646,63.8,0,,1,
4647,63.8,0,,1,
4648,63.8,0,,1,
4649,63.8,0,,1,
4650,63.9,0,,1,
4651,63.9,0,,1,
4652,63.9,0,,1,
4653,63.9,0,,1,
4654,63.9,0,,1,
4655,63.9,0,,1,
4656,63.9,0,,1,
4657,63.9,0,,1,
4658,63.9,0,,1,
4659,63.9,0,,1,
4660,63.9,0,,1,
4661,63.9,0,,1,
4662,63.9,0,,1,
4663,63.9,0,,1,
4664,63.9,0,,1,
4665,63.9,0,,1,
4666,63.9,0,,1,
4667,63.9,0,,1,
4668,63.9,0,,1,
4669,63.9,0,,1,
4670,63.9,0,,1,
4671,63.9,0,,1,
4672,63.9,0,,1,
4673,63.9,0,,1,
4674,64,0,,1,
4675,64,0,,1,
4676,64,0,,1,
4677,64,0,,1,
4678,64,0,,1,
4679,64,0,,1,
4680,64,0,,1,
4681,64,0,,1,
4682,64,0,,1,
4683,64,0,,1,
4684,64,0,,1,
4685,64,0,,1,
4686,64,0,,1,
4687,64,0,,1,
4688,64,0,,1,
4689,64,0,,1,
4690,64,0,,1,
4691,64.1,0,,1,
4692,64.1,0,,1,
4693,64.1,0,,1,
4694,64.1,0,,1,
4695,64.1,0,,1,
4696,64.1,0,,1,
4697,64.1,0,,1,
4698,64.1,0,,1,
4699,64.1,0,,1,
4700,64.1,0,,1,
4701,64.1,0,,1,
4702,64.1,0,,1,
4703,64.1,0,,1,
4704,64.1,0,,1,
4705,64.1,0,,1,
4706,64.1,0,,1,
4707,64.1,0,,1,
4708,64.1,0,,1,
4709,64.1,0,,1,
4710,64.1,0,,1,
4711,64.1,0,,1,
4712,64.2,0,,1,
4713,64.2,0,,1,
4714,64.2,0,,1,
4715,64.2,0,,1,
4716,64.2,0,,1,
4717,64.2,0,,1,
4718,64.2,0,,1,
4719,64.2,0,,1,
4720,64.2,0,,1,
4721,64.2,0,,1,
4722,64.2,0,,1,
4723,64.2,0,,1,
4724,64.3,0,,1,
4725,64.3,0,,1,
4726,64.3,0,,1,
4727,64.3,0,,1,
4728,64.3,0,,1,
4729,64.3,0,,1,
4730,64.3,0,,1,
4731,64.3,0,,1,
4732,64.3,0,,1,
4733,64.3,0,,1,
4734,64.3,0,,1,
4735,64.3,0,,1,
4736,64.3,0,,1,
4737,64.3,0,,1,
4738,64.3,0,,1,
4739,64.3,0,,1,
4740,64.3,0,,1,
4741,64.3,0,,1,
4742,64.3,0,,1,
4743,64.3,0,,1,
4744,64.3,0,,1,
4745,64.3,0,,1,
4746,64.3,0,,1,
4747,64.3,0,,1,
4748,64.3,0,,1,
4749,64.3,0,,1,
4750,64.3,0,,1,
4751,64.3,0,,1,
4752,64.3,0,,1,
4753,64.3,0,,1,
4754,64.3,0,,1,
4755,64.3,0,,1,
4756,64.3,0,,1,
4757,64.3,0,,1,
4758,64.3,0,,1,
4759,64.3,0,,1,
4760,64.3,0,,1,
4761,64.3,0,,1,
4762,64.3,0,,1,
4763,64.3,0,,1,
4764,64.3,0,,1,
4765,64.3,0,,1,
4766,64.3,0,,1,
4767,64.3,0,,1,
4768,64.3,0,,1,
4769,64.3,0,,1,
4770,64.3,0,,1,
4771,64.3,0,,1,
4772,64.3,0,,1,
4773,64.3,0,,1,
4774,64.3,0,,1,
4775,64.3,0,,1,
4776,64.3,0,,1,
4777,64.3,0,,1,
4778,64.3,0,,1,
4779,64.3,0,,1,
4780,64.3,0,,1,
4781,64.3,0,,1,
4782,64.3,0,,1,
4783,64.3,0,,1,
4784,64.3,0,,1,
4785,64.3,0,,1,
4786,64.3,0,,1,
4787,64.3,0,,1,
4788,64.3,0,,1,
4789,64.3,0,,1,
4790,64.3,0,,1,
4791,64.3,0,,1,
4792,64.3,0,,1,
4793,64.3,0,,1,
4794,64.3,0,,1,
4795,64.3,0,,1,
4796,64.3,0,,1,
4797,64.3,0,,1,
4798,64.3,0,,1,
4799,64.3,0,,1,
4800,64.3,0,,1,
4801,64.3,0,,1,
4802,64.3,0,,1,
4803,64.3,0,,1,
4804,64.3,0,,1,
4805,64.3,0,,1,
4806,64.3,0,,1,
4807,64.3,0,,1,
4808,64.3,0,,1,
4809,64.3,0,,1,
4810,64.3,0,,1,
4811,64.3,0,,1,
4812,64.3,0,,1,
4813,64.3,0,,1,
4814,64.3,0,,1,
4815,64.3,0,,1,
4816,64.3,0,,1,
4817,64.3,0,,1,
4818,64.3,0,,1,
4819,64.3,0,,1,
4820,64.3,0,,1,
4821,64.3,0,,1,
4822,64.3,0,,1,
4823,64.3,0,,1,
4824,64.3,0,,1,
4825,64.3,0,,1,
4826,64.3,0,,1,
4827,64.3,0,,1,
4828,64.3,0,,1,
4829,64.3,0,,1,
4830,64.3,0,,1,
4831,64.3,0,,1,
4832,64.3,0,,1,
4833,64.3,0,,1,
4834,64.3,0,,1,
4835,64.3,0,,1,
4836,64.3,0,,1,
4837,64.3,0,,1,
4838,64.3,0,,1,
4839,64.3,0,,1,
4840,64.3,0,,1,
4841,64.3,0,,1,
4842,64.3,0,,1,
4843,64.3,0,,1,
4844,64.3,0,,1,
4845,64.3,0,,1,
4846,64.3,0,,1,
4847,64.3,0,,1,
4848,64.3,0,,1,
4849,64.3,0,,1,
4850,64.3,0,,1,
4851,64.3,0,,1,
4852,64.3,0,,1,
4853,64.3,0,,1,
4854,64.3,0,,1,
4855,64.3,0,,1,
4856,64.3,0,,1,
4857,64.3,0,,1,
4858,64.3,0,,1,
4859,64.3,0,,1,
4860,64.3,0,,1,
4861,64.3,0,,1,
4862,64.3,0,,1,
4863,64.3,0,,1,
4864,64.3,0,,1,
4865,64.3,0,,1,
4866,64.3,0,,1,
4867,64.3,0,,1,
4868,64.3,0,,1,
4869,64.3,0,,1,
4870,64.3,0,,1,
4871,64.3,0,,1,
4872,64.3,0,,1,
4873,64.3,0,,1,
4874,64.3,0,,1,
4875,64.3,0,,1,
4876,64.3,0,,1,
4877,64.3,0,,1,
4878,64.3,0,,1,
4879,64.3,0,,1,
4880,64.3,0,,1,
4881,64.3,0,,1,
4882,64.3,0,,1,
4883,64.3,0,,1,
4884,64.3,0,,1,
4885,64.3,0,,1,
4886,64.3,0,,1,
4887,64.3,0,,1,
4888,64.3,0,,1,
4889,64.3,0,,1,
4890,64.3,0,,1,
4891,64.3,0,,1,
4892,64.3,0,,1,
4893,64.3,0,,1,
4894,64.3,0,,1,
4895,64.3,0,,1,
4896,64.3,0,,1,
4897,64.3,0,,1,
4898,64.3,0,,1,
4899,64.4,0,,1,
4900,64.4,0,,1,
4901,64.4,0,,0,
4902,64.4,0,,0,
4903,64.4,0,,0,
4904,64.4,0,,0,
4905,64.4,0,,0,
4906,64.4,0,,0,
4907,64.4,0,,0,
4908,64.4,0,,0,
4909,64.5,0,,0,
4910,64.5,0,,0,
4911,64.5,0,,0,
4912,64.5,0,,0,
4913,64.5,0,,0,
4914,64.5,0,,0,
4915,64.5,0,,0,
4916,64.5,0,,0,
4917,64.5,0,,0,
4918,64.6,0,,0,
4919,64.6,0,,0,
4920,64.6,0,,0,
4921,64.6,0,,0,
4922,64.6,0,,0,
4923,64.6,0,,0,
4924,64.6,0,,0,
4925,64.6,0,,0,
4926,64.6,0,,0,
4927,64.7,0,,0,
4928,64.7,0,,0,
4929,64.7,0,,0,
4930,64.7,0,,0,
4931,64.7,0,,0,
4932,64.7,0,,0,
4933,64.7,0,,0,
4934,64.7,0,,0,
4935,64.8,0,,0,
4936,64.8,0,,0,
4937,64.8,0,,0,
4938,64.8,0,,0,
4939,64.8,0,,0,
4940,64.8,0,,0,
4941,64.8,0,,0,
4942,64.8,0,,0,
4943,64.9,0,,0,
4944,64.9,0,,0,
4945,64.9,0,,0,
4946,64.9,0,,0,
4947,64.9,0,,0,
4948,64.9,0,,0,
4949,64.9,0,,0,
4950,65,0,,0,
4951,65,0,,0,
4952,65,0,,0,
4953,65,0,,0,
4954,65,0,,0,
4955,65,0,,0,
4956,65,0,,0,
4957,65,0,,0,
4958,65.1,0,,0,
4959,65.1,0,,0,
4960,65.1,0,,0,
4961,65.1,0,,0,
4962,65.1,0,,0,
4963,65.1,0,,0,
4964,65.1,0,,0,
4965,65.2,0,,0,
4966,65.2,0,,0,
4967,65.2,0,,0,
4968,65.2,0,,0,
4969,65.2,0,,0,
4970,65.3,0,,0,
4971,65.3,0,,0,
4972,65.3,0,,0,
4973,65.3,0,,0,
4974,65.3,0,,0,
4975,65.3,0,,0,
4976,65.4,0,,0,
4977,65.4,0,,0,
4978,65.4,0,,0,
4979,65.4,0,,0,
4980,65.4,0,,0,
4981,65.4,0,,0,
4982,65.5,0,,0,
4983,65.5,0,,0,
4984,65.5,0,,0,
4985,65.5,0,,0,
4986,65.5,0,,0,
4987,65.5,0,,0,
4988,65.6,0,,0,
4989,65.6,0,,0,
4990,65.6,0,,0,
4991,65.6,0,,0,
4992,65.6,0,,0,
4993,65.6,0,,0,
4994,65.6,0,,0,
4995,65.6,0,,0,
4996,65.7,0,,0,
4997,65.7,0,,0,
4998,65.7,0,,0,
4999,65.7,0,,0,
5000,65.7,0,,0,
5001,65.7,0,,0,
5002,65.7,0,,0,
5003,65.7,0,,0,
5004,65.8,0,,0,
5005,65.8,0,,0,
5006,65.8,0,,0,
5007,65.8,0,,0,
5008,65.8,0,,0,
5009,65.8,0,,0,
5010,65.8,0,,0,
5011,65.9,0,,0,
5012,65.9,0,,0,
5013,65.9,0,,0,
5014,65.9,0,,0,
5015,65.9,0,,0,
5016,65.9,0,,0,
5017,66,0,,0,
5018,66,0,,0,
5019,66,0,,0,
5020,66,0,,0,
5021,66.1,0,,0,
5022,66.1,0,,0,
5023,66.1,0,,0,
5024,66.1,0,,0,
5025,66.1,0,,0,
5026,66.2,0,,0,
5027,66.2,0,,0,
5028,66.2,0,,0,
5029,66.2,0,,0,
5030,66.2,0,,0,
5031,66.2,0,,0,
5032,66.3,0,,0,
5033,66.3,0,,0,
5034,66.3,0,,0,
5035,66.3,0,,0,
5036,66.3,0,,0,
5037,66.3,0,,0,
5038,66.4,0,,0,
5039,66.4,0,,0,
5040,66.4,0,,0,
5041,66.4,0,,0,
5042,66.4,0,,0,
5043,66.4,0,,0,
5044,66.4,0,,0,
5045,66.5,0,,0,
5046,66.5,0,,0,
5047,66.5,0,,0,
5048,66.5,0,,0,
5049,66.5,0,,0,
5050,66.5,0,,0,
5051,66.6,0,,0,
5052,66.6,0,,0,
5053,66.6,0,,0,
5054,66.6,0,,0,
5055,66.6,0,,0,
5056,66.6,0,,0,
5057,66.6,0,,0,
5058,66.7,0,,0,
5059,66.7,0,,0,
5060,66.7,0,,0,
5061,66.7,0,,0,
5062,66.8,0,,0,
5063,66.8,0,,0,
5064,66.8,0,,0,
5065,66.8,0,,0,
5066,66.8,0,,0,
5067,66.8,0,,0,
5068,66.9,0,,0,
5069,66.9,0,,0,
5070,66.9,0,,0,
5071,66.9,0,,0,
5072,66.9,0,,0,
5073,67,0,,0,
5074,67,0,,0,
5075,67,0,,0,
5076,67,0,,0,
5077,67,0,,0,
5078,67.1,0,,0,
5079,67.1,0,,0,
5080,67.1,0,,0,
5081,67.1,0,,0,
5082,67.1,0,,0,
5083,67.1,0,,0,
5084,67.1,0,,0,
5085,67.2,0,,0,
5086,67.2,0,,0,
5087,67.2,0,,0,
5088,67.2,0,,0,
5089,67.2,0,,0,
5090,67.2,0,,0,
5091,67.2,0,,0,
5092,67.2,0,,0,
5093,67.2,0,,0,
5094,67.3,0,,0,
5095,67.3,0,,0,
5096,67.3,0,,0,
5097,67.3,0,,0,
5098,67.3,0,,0,
5099,67.3,0,,0,
5100,67.4,0,,0,
5101,67.4,0,,0,
5102,67.4,0,,0,
5103,67.4,0,,0,
5104,67.4,0,,0,
5105,67.5,0,,0,
5106,67.5,0,,0,
5107,67.5,0,,0,
5108,67.5,0,,0,
5109,67.6,0,,0,
5110,67.6,0,,0,
5111,67.6,0,,0,
5112,67.6,0,,0,
5113,67.6,0,,0,
5114,67.7,0,,0,
5115,67.7,0,,0,
5116,67.7,0,,0,
5117,67.7,0,,0,
5118,67.7,0,,0,
5119,67.7,0,,0,
5120,67.8,0,,0,
5121,67.8,0,,0,
5122,67.8,0,,0,
5123,67.8,0,,0,
5124,67.8,0,,0,
5125,67.8,0,,0,
5126,67.8,0,,0,
5127,67.9,0,,0,
5128,67.9,0,,0,
5129,67.9,0,,0,
5130,67.9,0,,0,
5131,67.9,0,,0,
5132,67.9,0,,0,
5133,67.9,0,,0,
5134,67.9,0,,0,
5135,68,0,,0,
5136,68,0,,0,
5137,68,0,,0,
5138,68,0,,0,
5139,68,0,,0,
5140,68,0,,0,
5141,68.1,0,,0,
5142,68.1,0,,0,
5143,68.1,0,,0,
5144,68.1,0,,0,
5145,68.1,0,,0,
5146,68.1,0,,0,
5147,68.1,0,,0,
5148,68.1,0,,0,
5149,68.1,0,,0,
5150,68.2,0,,0,
5151,68.2,0,,0,
5152,68.2,0,,0,
5153,68.2,0,,0,
5154,68.2,0,,0,
5155,68.2,0,,0,
5156,68.3,0,,0,
5157,68.3,0,,0,
5158,68.3,0,,0,
5159,68.3,0,,0,
5160,68.4,0,,0,
5161,68.4,0,,0,
5162,68.4,0,,0,
5163,68.4,0,,0,
5164,68.4,0,,0,
5165,68.4,0,,0,
5166,68.5,0,,0,
5167,68.5,0,,0,
5168,68.5,0,,0,
5169,68.5,0,,0,
5170,68.5,0,,0,
5171,68.5,0,,0,
5172,68.5,0,,0,
5173,68.6,0,,0,
5174,68.6,0,,0,
5175,68.6,0,,0,
5176,68.6,0,,0,
5177,68.6,0,,0,
5178,68.6,0,,0,
5179,68.6,0,,0,
5180,68.6,0,,0,
5181,68.7,1,,0,
5182,68.7,1,,0,
5183,68.7,1,,0,
5184,68.7,1,,0,
5185,68.7,1,,0,
5186,68.7,1,,0,
5187,68.7,1,,0,
5188,68.7,1,,0,
5189,68.7,1,,0,
5190,68.8,0,,0,
5191,68.8,0,,0,
5192,68.8,0,,0,
5193,68.8,0,,0,
5194,68.8,0,,0,
5195,68.8,0,,0,
5196,68.8,0,,0,
5197,68.8,0,,0,
5198,68.8,0,,0,
5199,68.8,0,,0,
5200,68.9,0,,0,
5201,68.9,0,,0,
5202,68.9,0,,0,
5203,68.9,0,,0,
5204,68.9,0,,0,
5205,68.9,0,,0,
5206,68.9,0,,0,
5207,68.9,0,,0,
5208,69,0,,0,
5209,69,0,,0,
5210,69,0,,0,
5211,69,0,,0,
5212,69,0,,0,
5213,69.1,0,,0,
5214,69.1,0,,0,
5215,69.1,0,,0,
5216,69.1,0,,0,
5217,69.1,0,,0,
5218,69.1,0,,0,
5219,69.2,0,,0,
5220,69.2,0,,0,
5221,69.2,0,,0,
5222,69.2,0,,0,
5223,69.2,0,,0,
5224,69.3,0,,0,
5225,69.3,0,,0,
5226,69.3,0,,0,
5227,69.3,0,,0,
5228,69.3,0,,0,
5229,69.3,0,,0,
5230,69.3,0,,0,
5231,69.3,0,,0,
5232,69.3,0,,0,
5233,69.4,0,,0,
5234,69.4,0,,0,
5235,69.4,0,,0,
5236,69.4,0,,0,
5237,69.4,0,,0,
5238,69.4,0,,0,
5239,69.4,0,,0,
5240,69.4,0,,0,
5241,69.5,0,,0,
5242,69.5,0,,0,
5243,69.5,0,,0,
5244,69.5,0,,0,
5245,69.5,0,,0,
5246,69.5,0,,0,
5247,69.5,0,,0,
5248,69.5,0,,0,
5249,69.5,0,,0,
5250,69.6,0,,0,
5251,69.6,0,,0,
5252,69.6,0,,0,
5253,69.6,0,,0,
5254,69.6,0,,0,
5255,69.6,0,,0,
5256,69.6,0,,0,
5257,69.6,0,,0,
5258,69.7,0,,0,
5259,69.7,0,,0,
5260,69.7,0,,0,
5261,69.7,0,,0,
5262,69.7,0,,0,
5263,69.7,0,,0,
5264,69.7,0,,0,
5265,69.8,0,,0,
5266,69.8,0,,0,
5267,69.8,0,,0,
5268,69.8,0,,0,
5269,69.8,0,,0,
5270,69.9,0,,0,
5271,69.9,0,,0,
5272,69.9,0,,0,
5273,69.9,0,,0,
5274,69.9,0,,0,
5275,70,0,,0,
5276,70,0,,0,
5277,70,0,,0,
5278,70,0,,0,
5279,70,0,,0,
5280,70,0,,0,
5281,70.1,0,,0,
5282,70.1,0,,0,
5283,70.1,0,,0,
5284,70.1,0,,0,
5285,70.1,0,,0,
5286,70.1,0,,0,
5287,70.1,0,,0,
5288,70.1,0,,0,
5289,70.1,0,,0,
5290,70.2,0,,0,
5291,70.2,0,,0,
5292,70.2,0,,0,
5293,70.2,0,,0,
5294,70.2,0,,0,
5295,70.2,0,,0,
5296,70.2,0,,0,
5297,70.2,0,,0,
5298,70.2,0,,0,
5299,70.2,0,,0,
5300,70.3,0,,0,
5301,70.3,0,,0,
5302,70.3,0,,0,
5303,70.3,0,,0,
5304,70.3,0,,0,
5305,70.3,0,,0,
5306,70.3,0,,0,
5307,70.3,0,,0,
5308,70.3,0,,0,
5309,70.3,0,,0,
5310,70.3,0,,0,
5311,70.3,0,,0,
5312,70.4,0,,0,
5313,70.4,0,,0,
5314,70.4,0,,0,
5315,70.4,0,,0,
5316,70.4,0,,0,
5317,70.4,0,,0,
5318,70.5,0,,0,
5319,70.5,0,,0,
5320,70.5,0,,0,
5321,70.5,0,,0,
5322,70.6,0,,0,
5323,70.6,0,,0,
5324,70.6,0,,0,
5325,70.6,0,,0,
5326,70.6,0,,0,
5327,70.7,0,,0,
5328,70.7,0,,0,
5329,70.7,0,,0,
5330,70.7,0,,0,
5331,70.7,0,,0,
5332,70.7,0,,0,
5333,70.7,0,,0,
5334,70.7,0,,0,
5335,70.7,0,,0,
5336,70.8,0,,0,
5337,70.8,0,,0,
5338,70.8,0,,0,
5339,70.8,0,,0,
5340,70.8,0,,0,
5341,70.8,0,,0,
5342,70.8,0,,0,
5343,70.9,0,,0,
5344,70.9,0,,0,
5345,70.9,0,,0,
5346,70.9,0,,0,
5347,70.9,0,,0,
5348,70.9,0,,0,
5349,70.9,0,,0,
5350,70.9,0,,0,
5351,70.9,0,,0,
5352,70.9,0,,0,
5353,71,0,,0,
5354,71,0,,0,
5355,71,0,,0,
5356,71,0,,0,
5357,71,0,,0,
5358,71,0,,0,
5359,71,0,,0,
5360,71.1,0,,0,
5361,71.1,0,,0,
5362,71.1,0,,0,
5363,71.1,0,,0,
5364,71.1,0,,0,
5365,71.1,0,,0,
5366,71.1,0,,0,
5367,71.1,0,,0,
5368,71.1,0,,0,
5369,71.1,0,,0,
5370,71.1,0,,0,
5371,71.1,0,,0,
5372,71.1,0,,0,
5373,71.2,0,,0,
5374,71.2,0,,0,
5375,71.2,0,,0,
5376,71.2,0,,0,
5377,71.2,0,,0,
5378,71.3,0,,0,
5379,71.3,0,,0,
5380,71.3,0,,0,
5381,71.3,0,,0,
5382,71.3,0,,0,
5383,71.3,0,,0,
5384,71.4,0,,0,
5385,71.4,0,,0,
5386,71.4,0,,0,
5387,71.4,0,,0,
5388,71.4,0,,0,
5389,71.5,0,,0,
5390,71.5,0,,0,
5391,71.5,0,,0,
5392,71.5,0,,0,
5393,71.5,0,,0,
5394,71.5,0,,0,
5395,71.5,0,,0,
5396,71.5,0,,0,
5397,71.5,0,,0,
5398,71.6,0,,0,
5399,71.6,0,,0,
5400,71.6,0,,0,
5401,71.6,0,,0,
5402,71.6,0,,0,
5403,71.6,0,,0,
5404,71.6,0,,0,
5405,71.6,0,,0,
5406,71.6,0,,0,
5407,71.7,0,,0,
5408,71.7,0,,0,
5409,71.7,0,,0,
5410,71.7,0,,0,
5411,71.7,0,,0,
5412,71.7,0,,0,
5413,71.7,0,,0,
5414,71.8,0,,0,
5415,71.8,0,,0,
5416,71.8,0,,0,
5417,71.8,0,,0,
5418,71.8,0,,0,
5419,71.8,0,,0,
5420,71.8,0,,0,
5421,71.8,0,,0,
5422,71.8,0,,0,
5423,71.8,0,,0,
5424,71.8,0,,0,
5425,71.8,0,,0,
5426,71.9,0,,0,
5427,71.9,0,,0,
5428,71.9,0,,0,
5429,71.9,0,,0,
5430,71.9,0,,0,
5431,71.9,0,,0,
5432,72,0,,0,
5433,72,0,,0,
5434,72,0,,0,
5435,72,0,,0,
5436,72,0,,0,
5437,72.1,0,,0,
5438,72.1,0,,0,
5439,72.1,0,,0,
5440,72.1,0,,0,
5441,72.1,0,,0,
5442,72.2,0,,0,
5443,72.2,0,,0,
5444,72.2,0,,0,
5445,72.2,0,,0,
5446,72.2,0,,0,
5447,72.2,0,,0,
5448,72.2,0,,0,
5449,72.2,0,,0,
5450,72.3,0,,0,
5451,72.3,0,,0,
5452,72.3,0,,0,
5453,72.3,0,,0,
5454,72.3,0,,0,
5455,72.3,0,,0,
5456,72.3,0,,0,
5457,72.3,0,,0,
5458,72.3,0,,0,
5459,72.4,0,,0,
5460,72.4,0,,0,
5461,72.4,0,,0,
5462,72.4,0,,0,
5463,72.4,0,,0,
5464,72.4,0,,0,
5465,72.4,0,,0,
5466,72.4,0,,0,
5467,72.4,0,,0,
5468,72.4,0,,0,
5469,72.5,0,,0,
5470,72.5,0,,0,
5471,72.5,0,,0,
5472,72.5,0,,0,
5473,72.5,0,,0,
5474,72.5,0,,0,
5475,72.5,0,,0,
5476,72.5,0,,0,
5477,72.5,0,,0,
5478,72.5,0,,0,
5479,72.6,0,,0,
5480,72.6,0,,0,
5481,72.6,0,,0,
5482,72.6,0,,0,
5483,72.6,0,,0,
5484,72.6,0,,0,
5485,72.7,0,,0,
5486,72.7,0,,0,
5487,72.7,0,,0,
5488,72.7,0,,0,
5489,72.7,0,,0,
5490,72.8,0,,0,
5491,72.8,0,,0,
5492,72.8,0,,0,
5493,72.8,0,,0,
5494,72.8,0,,0,
5495,72.9,0,,0,
5496,72.9,0,,0,
5497,72.9,0,,0,
5498,72.9,0,,0,
5499,72.9,0,,0,
5500,72.9,0,,0,
5501,72.9,0,,0,
5502,72.9,0,,0,
5503,73,0,,0,
5504,73,0,,0,
5505,73,0,,0,
5506,73,0,,0,
5507,73,0,,0,
5508,73,0,,0,
5509,73,0,,0,
5510,73.1,0,,0,
5511,73.1,0,,0,
5512,73.1,0,,0,
5513,73.1,0,,0,
5514,73.1,0,,0,
5515,73.1,0,,0,
5516,73.1,0,,0,
5517,73.1,0,,0,
5518,73.1,0,,0,
5519,73.2,0,,0,
5520,73.2,0,,0,
5521,73.2,0,,0,
5522,73.2,0,,0,
5523,73.2,0,,0,
5524,73.2,0,,0,
5525,73.2,0,,0,
5526,73.2,0,,0,
5527,73.2,0,,0,
5528,73.2,0,,0,
5529,73.2,0,,0,
5530,73.3,0,,0,
5531,73.3,0,,0,
5532,73.3,0,,0,
5533,73.3,0,,0,
5534,73.3,0,,0,
5535,73.3,0,,0,
5536,73.4,0,,0,
5537,73.4,0,,0,
5538,73.4,0,,0,
5539,73.4,0,,0,
5540,73.4,0,,0,
5541,73.4,0,,0,
5542,73.5,0,,0,
5543,73.5,0,,0,
5544,73.5,0,,0,
5545,73.5,0,,0,
5546,73.6,0,,0,
5547,73.6,0,,0,
5548,73.6,0,,0,
5549,73.6,0,,0,
5550,73.6,0,,0,
5551,73.6,0,,0,
5552,73.6,0,,0,
5553,73.6,0,,0,
5554,73.6,0,,0,
5555,73.6,0,,0,
5556,73.6,0,,0,
5557,73.6,0,,0,
5558,73.6,0,,0,
5559,73.6,0,,0,
5560,73.6,0,,0,
5561,73.6,0,,1,
5562,73.6,0,,1,
5563,73.8,0,,1,
5564,73.8,0,,1,
5565,73.8,0,,1,
5566,73.8,0,,1,
5567,73.8,0,,1,
5568,73.8,0,,1,
5569,73.8,0,,1,
5570,73.8,0,,1,
5571,73.9,0,,1,
5572,73.9,0,,1,
5573,73.9,0,,1,
5574,73.9,0,,1,
5575,73.9,0,,1,
5576,73.9,0,,1,
5577,73.9,0,,1,
5578,73.9,0,,1,
5579,73.9,0,,1,
5580,74,0,,1,
5581,74,0,,1,
5582,74,0,,1,
5583,74,0,,1,
5584,74,0,,1,
5585,74,0,,1,
5586,74,0,,1,
5587,74.1,0,,1,
5588,74.1,0,,1,
5589,74.1,0,,1,
5590,74.1,0,,1,
5591,74.1,0,,1,
5592,74.1,0,,1,
5593,74.2,0,,1,
5594,74.2,0,,1,
5595,74.2,0,,1,
5596,74.2,0,,1,
5597,74.2,0,,1,
5598,74.3,0,,1,
5599,74.3,0,,1,
5600,74.3,0,,1,
5601,74.3,0,,1,
5602,74.3,0,,1,
5603,74.3,0,,1,
5604,74.3,0,,1,
5605,74.4,0,,1,
5606,74.4,1,,1,
5607,74.4,1,,1,
5608,74.4,1,,1,
5609,74.4,1,,1,
5610,74.4,1,,1,
5611,74.4,1,,1,
5612,74.4,1,,1,
5613,74.4,1,,1,
5614,74.5,0,,1,
5615,74.5,0,,1,
5616,74.5,0,,1,
5617,74.5,0,,1,
5618,74.5,0,,1,
5619,74.5,0,,1,
5620,74.5,0,,1,
5621,74.6,0,,1,
5622,74.6,0,,1,
5623,74.6,0,,1,
5624,74.6,0,,0,
5625,74.6,0,,0,
5626,74.6,0,,0,
5627,74.6,0,,0,
5628,74.6,0,,0,
5629,74.7,0,,0,
5630,74.7,0,,0,
5631,74.7,0,,0,
5632,74.7,0,,0,
5633,74.7,0,,0,
5634,74.7,0,,0,
5635,74.7,0,,0,
5636,74.7,0,,0,
5637,74.7,0,,0,
5638,74.8,0,,0,
5639,74.8,0,,0,
5640,74.8,0,,0,
5641,74.8,0,,0,
5642,74.8,0,,0,
5643,74.8,0,,0,
5644,74.9,0,,0,
5645,74.9,0,,0,
5646,74.9,0,,0,
5647,74.9,0,,0,
5648,74.9,0,,0,
5649,74.9,0,,0,
5650,75,0,,0,
5651,75,0,,0,
5652,75,0,,0,
5653,75,0,,0,
5654,75,0,,0,
5655,75,0,,0,
5656,75.1,0,,0,
5657,75.1,0,,0,
5658,75.1,0,,0,
5659,75.1,0,,0,
5660,75.1,0,,0,
5661,75.1,0,,0,
5662,75.1,0,,0,
5663,75.1,0,,0,
5664,75.2,0,,0,
5665,75.2,0,,0,
5666,75.2,0,,0,
5667,75.2,0,,0,
5668,75.2,0,,0,
5669,75.2,0,,0,
5670,75.2,0,,0,
5671,75.2,0,,0,
5672,75.3,0,,0,
5673,75.3,0,,0,
5674,75.3,0,,0,
5675,75.3,0,,0,
5676,75.3,0,,0,
5677,75.3,0,,0,
5678,75.3,0,,0,
5679,75.3,0,,0,
5680,75.4,0,,0,
5681,75.4,0,,0,
5682,75.4,0,,0,
5683,75.4,0,,0,
5684,75.4,0,,0,
5685,75.4,0,,0,
5686,75.4,0,,0,
5687,75.4,0,,0,
5688,75.4,0,,0,
5689,75.4,0,,0,
5690,75.5,0,,0,
5691,75.5,0,,0,
5692,75.5,0,,0,
5693,75.5,0,,0,
5694,75.5,0,,0,
5695,75.5,0,,0,
5696,75.6,0,,0,
5697,75.6,0,,0,
5698,75.6,0,,0,
5699,75.6,0,,0,
5700,75.6,0,,0,
5701,75.7,0,,0,
5702,75.7,0,,0,
5703,75.7,0,,0,
5704,75.7,0,,0,
5705,75.7,0,,0,
5706,75.7,0,,0,
5707,75.7,0,,0,
5708,75.8,0,,0,
5709,75.8,0,,0,
5710,75.8,0,,0,
5711,75.8,0,,0,
5712,75.8,0,,0,
5713,75.8,0,,0,
5714,75.8,0,,0,
5715,75.9,0,,0,
5716,75.9,0,,0,
5717,75.9,0,,0,
5718,75.9,0,,0,
5719,75.9,0,,0,
5720,75.9,0,,0,
5721,75.9,0,,0,
5722,75.9,0,,0,
5723,76,0,,0,
5724,76,0,,0,
5725,76,0,,0,
5726,76,0,,0,
5727,76,0,,0,
5728,76,0,,0,
5729,76,0,,0,
5730,76,0,,0,
5731,76,0,,0,
5732,76.1,0,,0,
5733,76.1,0,,0,
5734,76.1,0,,0,
5735,76.1,0,,0,
5736,76.1,0,,0,
5737,76.1,0,,0,
5738,76.1,0,,0,
5739,76.2,0,,0,
5740,76.2,0,,0,
5741,76.2,0,,0,
5742,76.2,0,,0,
5743,76.2,0,,0,
5744,76.2,0,,0,
5745,76.2,0,,0,
5746,76.2,0,,0,
5747,76.3,1,,0,
5748,76.3,1,,0,
5749,76.3,1,,0,
5750,76.3,1,,0,
5751,76.3,1,,0,
5752,76.3,1,,0,
5753,76.4,0,,0,
5754,76.4,0,,0,
5755,76.4,0,,0,
5756,76.4,0,,0,
5757,76.4,0,,0,
5758,76.4,0,,0,
5759,76.5,0,,0,
5760,76.5,0,,0,
5761,76.5,0,,0,
5762,76.5,0,,0,
5763,76.5,0,,0,
5764,76.6,0,,0,
5765,76.6,0,,0,
5766,76.6,0,,0,
5767,76.6,0,,0,
5768,76.6,0,,0,
5769,76.6,0,,0,
5770,76.6,0,,0,
5771,76.7,0,,0,
5772,76.7,0,,0,
5773,76.7,0,,0,
5774,76.7,0,,0,
5775,76.7,0,,0,
5776,76.7,0,,0,
5777,76.8,0,,0,
5778,76.8,0,,0,
5779,76.8,0,,0,
5780,76.8,0,,0,
5781,76.8,0,,0,
5782,76.8,0,,0,
5783,76.8,0,,0,
5784,76.8,0,,0,
5785,76.9,0,,0,
5786,76.9,0,,0,
5787,76.9,0,,0,
5788,76.9,0,,0,
5789,76.9,0,,0,
5790,76.9,0,,0,
5791,77,0,,0,
5792,77,0,,0,
5793,77,0,,0,
5794,77,0,,0,
5795,77,0,,0,
5796,77.1,0,,0,
5797,77.1,0,,0,
5798,77.1,0,,0,
5799,77.1,0,,0,
5800,77.1,0,,1,
5801,77.2,0,,1,
5802,77.2,0,,1,
5803,77.2,0,,1,
5804,77.2,0,,1,
5805,77.2,0,,1,
5806,77.2,0,,1,
5807,77.3,0,,1,
5808,77.3,0,,1,
5809,77.3,0,,1,
5810,77.3,0,,1,
5811,77.3,0,,1,
5812,77.4,0,,1,
5813,77.4,0,,1,
5814,77.4,0,,1,
5815,77.4,0,,1,
5816,77.4,0,,1,
5817,77.4,0,,1,
5818,77.4,0,,1,
5819,77.5,0,,1,
5820,77.5,0,,1,
5821,77.5,0,,1,
5822,77.5,0,,1,
5823,77.5,0,,1,
5824,77.5,0,,1,
5825,77.5,0,,1,
5826,77.6,0,,1,
5827,77.6,0,,1,
5828,77.6,0,,1,
5829,77.6,0,,1,
5830,77.6,0,,1,
5831,77.6,0,,1,
5832,77.6,0,,1,
5833,77.7,0,,1,
5834,77.7,0,,1,
5835,77.7,0,,1,
5836,77.7,0,,1,
5837,77.7,0,,1,
5838,77.7,0,,1,
5839,77.8,0,,1,
5840,77.8,0,,1,
5841,77.8,0,,1,
5842,77.8,0,,1,
5843,77.8,0,,1,
5844,77.9,0,,1,
5845,77.9,0,,1,
5846,77.9,0,,1,
5847,77.9,0,,1,
5848,77.9,0,,1,
5849,78,0,,1,
5850,78,0,,1,
5851,78,0,,1,
5852,78,0,,1,
5853,78,0,,1,
5854,78.1,0,,1,
5855,78.1,0,,1,
5856,78.1,0,,1,
5857,78.1,0,,1,
5858,78.1,0,,1,
5859,78.1,0,,1,
5860,78.1,0,,1,
5861,78.2,0,,1,
5862,78.2,0,,1,
5863,78.2,0,,1,
5864,78.2,0,,1,
5865,78.2,0,,1,
5866,78.2,0,,1,
5867,78.2,0,,1,
5868,78.2,0,,1,
5869,78.2,0,,1,
5870,78.3,0,,1,
5871,78.3,0,,1,
5872,78.3,0,,1,
5873,78.3,0,,1,
5874,78.3,0,,1,
5875,78.3,0,,1,
5876,78.4,0,,1,
5877,78.4,0,,1,
5878,78.4,0,,1,
5879,78.4,0,,1,
5880,78.4,0,,1,
5881,78.4,0,,1,
5882,78.4,0,,1,
5883,78.5,0,,1,
5884,78.5,0,,1,
5885,78.5,0,,1,
5886,78.5,0,,1,
5887,78.5,0,,1,
5888,78.6,0,,1,
5889,78.6,0,,1,
5890,78.6,0,,1,
5891,78.6,0,,1,
5892,78.6,0,,1,
5893,78.7,0,,1,
5894,78.7,0,,1,
5895,78.7,0,,1,
5896,78.7,0,,1,
5897,78.7,0,,1,
5898,78.8,0,,1,
5899,78.8,0,,1,
5900,78.8,0,,1,
5901,78.8,0,,1,
5902,78.8,0,,1,
5903,78.8,0,,1,
5904,78.8,0,,1,
5905,78.9,0,,1,
5906,78.9,0,,1,
5907,78.9,0,,1,
5908,78.9,0,,1,
5909,78.9,0,,1,
5910,78.9,0,,1,
5911,78.9,0,,1,
5912,79,0,,1,
5913,79,0,,1,
5914,79,0,,1,
5915,79,0,,1,
5916,79,0,,1,
5917,79,0,,1,
5918,79,0,,1,
5919,79.1,0,,1,
5920,79.1,0,,1,
5921,79.1,0,,1,
5922,79.1,0,,1,
5923,79.1,0,,1,
5924,79.1,0,,1,
5925,79.1,0,,1,
5926,79.1,0,,1,
5927,79.2,0,,1,
5928,79.2,0,,1,
5929,79.2,0,,1,
5930,79.2,0,,1,
5931,79.2,0,,1,
5932,79.3,0,,1,
5933,79.3,0,,1,
5934,79.3,0,,1,
5935,79.3,0,,1,
5936,79.3,0,,1,
5937,79.4,0,,1,
5938,79.4,0,,1,
5939,79.4,0,,1,
5940,79.4,0,,1,
5941,79.4,0,,1,
5942,79.5,0,,1,
5943,79.5,0,,1,
5944,79.5,0,,1,
5945,79.5,0,,1,
5946,79.5,0,,1,
5947,79.6,0,,1,
5948,79.6,0,,1,
5949,79.6,0,,1,
5950,79.6,0,,1,
5951,79.6,0,,1,
5952,79.6,0,,1,
5953,79.6,0,,1,
5954,79.6,0,,1,
5955,79.7,0,,1,
5956,79.7,0,,1,
5957,79.7,0,,1,
5958,79.7,0,,1,
5959,79.7,0,,1,
5960,79.7,0,,1,
5961,79.7,0,,1,
5962,79.7,0,,1,
5963,79.7,0,,1,
5964,79.7,0,,1,
5965,79.8,0,,1,
5966,79.8,0,,1,
5967,79.8,0,,1,
5968,79.8,0,,1,
5969,79.8,0,,1,
5970,79.8,0,,1,
5971,79.9,0,,1,
5972,79.9,0,,1,
5973,79.9,0,,1,
5974,79.9,0,,1,
5975,79.9,0,,1,
5976,80,0,,1,
5977,80,0,,1,
5978,80,0,,1,
5979,80,0,,1,
5980,80.1,0,,1,
5981,80.1,0,,1,
5982,80.1,0,,1,
5983,80.1,0,,1,
5984,80.1,0,,1,
5985,80.1,0,,1,
5986,80.1,0,,1,
5987,80.2,0,,1,
5988,80.2,0,,1,
5989,80.2,0,,1,
5990,80.2,0,,1,
5991,80.2,0,,1,
5992,80.2,0,,1,
5993,80.2,0,,1,
5994,80.2,0,,1,
5995,80.3,0,,1,
5996,80.3,0,,1,
5997,80.3,0,,1,
5998,80.3,0,,1,
5999,80.3,0,,1,
6000,80.3,0,,1,
6001,80.3,0,,1,
6002,80.3,0,,1,
6003,80.3,0,,1,
6004,80.4,0,,1,
6005,80.4,0,,1,
6006,80.4,0,,1,
6007,80.4,0,,1,
6008,80.4,0,,1,
6009,80.4,0,,1,
6010,80.4,0,,1,
6011,80.5,0,,1,
6012,80.5,0,,1,
6013,80.5,0,,1,
6014,80.5,0,,1,
6015,80.5,0,,1,
6016,80.5,0,,1,
6017,80.5,0,,1,
6018,80.6,0,,1,
6019,80.6,0,,1,
6020,80.6,0,,1,
6021,80.6,0,,1,
6022,80.6,0,,1,
6023,80.6,0,,1,
6024,80.6,0,,1,
6025,80.6,0,,1,
6026,80.7,0,,1,
6027,80.7,0,,1,
6028,80.7,0,,1,
6029,80.7,0,,1,
6030,80.7,0,,1,
6031,80.7,0,,1,
6032,80.7,0,,1,
6033,80.8,0,,1,
6034,80.8,0,,1,
6035,80.8,0,,1,
6036,80.8,0,,1,
6037,80.8,0,,1,
6038,80.8,0,,1,
6039,80.9,0,,1,
6040,80.9,0,,1,
6041,80.9,0,,1,
6042,80.9,0,,1,
6043,80.9,0,,1,
6044,80.9,0,,1,
6045,80.9,0,,1,
6046,81,0,,1,
6047,81,0,,1,
6048,81,0,,1,
6049,81,0,,1,
6050,81,0,,1,
6051,81,0,,1,
6052,81,0,,1,
6053,81,0,,1,
6054,81.1,0,,1,
6055,81.1,0,,1,
6056,81.1,0,,1,
6057,81.1,0,,1,
6058,81.1,0,,1,
6059,81.1,0,,1,
6060,81.1,0,,1,
6061,81.1,0,,1,
6062,81.1,0,,1,
6063,81.1,0,,1,
6064,81.1,0,,1,
6065,81.2,0,,1,
6066,81.2,0,,1,
6067,81.2,0,,1,
6068,81.2,0,,1,
6069,81.2,0,,1,
6070,81.2,0,,1,
6071,81.3,0,,1,
6072,81.3,0,,1,
6073,81.3,0,,1,
6074,81.3,0,,1,
6075,81.3,0,,1,
6076,81.3,0,,1,
6077,81.4,0,,1,
6078,81.4,0,,1,
6079,81.4,0,,1,
6080,81.4,0,,1,
6081,81.4,0,,1,
6082,81.4,0,,1,
6083,81.4,0,,1,
6084,81.5,0,,1,
6085,81.5,0,,1,
6086,81.5,0,,1,
6087,81.5,0,,1,
6088,81.5,0,,1,
6089,81.5,0,,1,
6090,81.5,0,,1,
6091,81.6,0,,1,
6092,81.6,0,,1,
6093,81.6,0,,1,
6094,81.6,0,,1,
6095,81.6,0,,1,
6096,81.6,0,,1,
6097,81.6,0,,1,
6098,81.6,0,,1,
6099,81.6,0,,1,
6100,81.7,0,,1,
6101,81.7,0,,1,
6102,81.7,0,,1,
6103,81.7,0,,1,
6104,81.7,0,,1,
6105,81.7,0,,1,
6106,81.7,0,,1,
6107,81.7,0,,1,
6108,81.7,0,,1,
6109,81.8,0,,1,
6110,81.8,0,,1,
6111,81.8,0,,1,
6112,81.8,0,,1,
6113,81.8,0,,1,
6114,81.8,0,,1,
6115,81.8,0,,1,
6116,81.8,0,,1,
6117,81.8,0,,1,
6118,81.8,0,,1,
6119,81.8,0,,1,
6120,81.9,0,,1,
6121,81.9,0,,1,
6122,81.9,0,,1,
6123,81.9,0,,1,
6124,81.9,0,,1,
6125,81.9,0,,1,
6126,81.9,0,,1,
6127,82,0,,1,
6128,82,0,,1,
6129,82,0,,1,
6130,82,0,,1,
6131,82,0,,1,
6132,82,0,,1,
6133,82,0,,1,
6134,82.1,0,,1,
6135,82.1,0,,1,
6136,82.1,0,,1,
6137,82.1,0,,1,
6138,82.1,0,,1,
6139,82.1,0,,1,
6140,82.2,0,,1,
6141,82.2,0,,1,
6142,82.2,0,,1,
6143,82.2,0,,1,
6144,82.2,0,,1,
6145,82.2,0,,1,
6146,82.2,0,,1,
6147,82.2,0,,1,
6148,82.3,0,,1,
6149,82.3,0,,1,
6150,82.3,0,,1,
6151,82.3,0,,1,
6152,82.3,0,,1,
6153,82.3,0,,1,
6154,82.3,0,,1,
6155,82.3,0,,1,
6156,82.3,0,,1,
6157,82.4,0,,1,
6158,82.4,0,,1,
6159,82.4,0,,1,
6160,82.4,0,,1,
6161,82.4,0,,1,
6162,82.4,0,,1,
6163,82.4,0,,1,
6164,82.4,0,,1,
6165,82.5,0,,1,
6166,82.5,0,,1,
6167,82.5,0,,1,
6168,82.5,0,,1,
6169,82.5,0,,1,
6170,82.5,0,,1,
6171,82.6,0,,1,
6172,82.6,0,,1,
6173,82.6,0,,1,
6174,82.6,0,,1,
6175,82.6,0,,1,
6176,82.7,0,,1,
6177,82.7,0,,1,
6178,82.7,0,,1,
6179,82.7,0,,1,
6180,82.7,0,,1,
6181,82.7,0,,1,
6182,82.7,0,,1,
6183,82.8,0,,1,
6184,82.8,0,,1,
6185,82.8,0,,1,
6186,82.8,0,,1,
6187,82.8,0,,1,
6188,82.8,0,,1,
6189,82.9,0,,1,
6190,82.9,0,,1,
6191,82.9,0,,1,
6192,82.9,0,,1,
6193,82.9,0,,1,
6194,82.9,0,,1,
6195,82.9,0,,1,
6196,82.9,0,,1,
6197,83,0,,1,
6198,83,0,,1,
6199,83,0,,1,
6200,83,0,,1,
